site,kind,route_pattern,module,source_file,source_sha,coverage
blockid.au,page,/admin/accelerator/[slug],admin_operations,web/src/app/(app)/(admin)/admin/accelerator/[slug]/page.tsx,c2e1470662804f1caeafe30439baef91940b875e,static_inventory_only; representative evidence in review; not individual E2E pass
blockid.au,page,/admin/accelerator,admin_operations,web/src/app/(app)/(admin)/admin/accelerator/page.tsx,c2e1470662804f1caeafe30439baef91940b875e,static_inventory_only; representative evidence in review; not individual E2E pass
blockid.au,page,/admin/affiliate,admin_operations,web/src/app/(app)/(admin)/admin/affiliate/page.tsx,c2e1470662804f1caeafe30439baef91940b875e,static_inventory_only; representative evidence in review; not individual E2E pass
blockid.au,page,/admin/ai-health,admin_operations,web/src/app/(app)/(admin)/admin/ai-health/page.tsx,c2e1470662804f1caeafe30439baef91940b875e,static_inventory_only; representative evidence in review; not individual E2E pass
blockid.au,page,/admin/ai-keys,admin_operations,web/src/app/(app)/(admin)/admin/ai-keys/page.tsx,c2e1470662804f1caeafe30439baef91940b875e,static_inventory_only; representative evidence in review; not individual E2E pass
blockid.au,page,/admin/analyses/deep-dives,admin_operations,web/src/app/(app)/(admin)/admin/analyses/deep-dives/page.tsx,c2e1470662804f1caeafe30439baef91940b875e,static_inventory_only; representative evidence in review; not individual E2E pass
blockid.au,page,/admin/analyses,admin_operations,web/src/app/(app)/(admin)/admin/analyses/page.tsx,c2e1470662804f1caeafe30439baef91940b875e,static_inventory_only; representative evidence in review; not individual E2E pass
blockid.au,page,/admin/architecture,admin_operations,web/src/app/(app)/(admin)/admin/architecture/page.tsx,c2e1470662804f1caeafe30439baef91940b875e,static_inventory_only; representative evidence in review; not individual E2E pass
blockid.au,page,/admin/ccso,admin_operations,web/src/app/(app)/(admin)/admin/ccso/page.tsx,c2e1470662804f1caeafe30439baef91940b875e,static_inventory_only; representative evidence in review; not individual E2E pass
blockid.au,page,/admin/comparables,admin_operations,web/src/app/(app)/(admin)/admin/comparables/page.tsx,c2e1470662804f1caeafe30439baef91940b875e,static_inventory_only; representative evidence in review; not individual E2E pass
blockid.au,page,/admin/competitors,admin_operations,web/src/app/(app)/(admin)/admin/competitors/page.tsx,c2e1470662804f1caeafe30439baef91940b875e,static_inventory_only; representative evidence in review; not individual E2E pass
blockid.au,page,/admin/config,admin_operations,web/src/app/(app)/(admin)/admin/config/page.tsx,c2e1470662804f1caeafe30439baef91940b875e,static_inventory_only; representative evidence in review; not individual E2E pass
blockid.au,page,/admin/corrections,admin_operations,web/src/app/(app)/(admin)/admin/corrections/page.tsx,c2e1470662804f1caeafe30439baef91940b875e,static_inventory_only; representative evidence in review; not individual E2E pass
blockid.au,page,/admin/credits,admin_operations,web/src/app/(app)/(admin)/admin/credits/page.tsx,c2e1470662804f1caeafe30439baef91940b875e,static_inventory_only; representative evidence in review; not individual E2E pass
blockid.au,page,/admin/documents,admin_operations,web/src/app/(app)/(admin)/admin/documents/page.tsx,c2e1470662804f1caeafe30439baef91940b875e,static_inventory_only; representative evidence in review; not individual E2E pass
blockid.au,page,/admin/drip-stats,admin_operations,web/src/app/(app)/(admin)/admin/drip-stats/page.tsx,c2e1470662804f1caeafe30439baef91940b875e,static_inventory_only; representative evidence in review; not individual E2E pass
blockid.au,page,/admin/evidence-review,admin_operations,web/src/app/(app)/(admin)/admin/evidence-review/page.tsx,c2e1470662804f1caeafe30439baef91940b875e,static_inventory_only; representative evidence in review; not individual E2E pass
blockid.au,page,/admin/external-signals,admin_operations,web/src/app/(app)/(admin)/admin/external-signals/page.tsx,c2e1470662804f1caeafe30439baef91940b875e,static_inventory_only; representative evidence in review; not individual E2E pass
blockid.au,page,/admin/feedback,admin_operations,web/src/app/(app)/(admin)/admin/feedback/page.tsx,c2e1470662804f1caeafe30439baef91940b875e,static_inventory_only; representative evidence in review; not individual E2E pass
blockid.au,page,/admin/funding,admin_operations,web/src/app/(app)/(admin)/admin/funding/page.tsx,c2e1470662804f1caeafe30439baef91940b875e,static_inventory_only; representative evidence in review; not individual E2E pass
blockid.au,page,/admin/funnel,admin_operations,web/src/app/(app)/(admin)/admin/funnel/page.tsx,c2e1470662804f1caeafe30439baef91940b875e,static_inventory_only; representative evidence in review; not individual E2E pass
blockid.au,page,/admin/goals,admin_operations,web/src/app/(app)/(admin)/admin/goals/page.tsx,c2e1470662804f1caeafe30439baef91940b875e,static_inventory_only; representative evidence in review; not individual E2E pass
blockid.au,page,/admin/growth,admin_operations,web/src/app/(app)/(admin)/admin/growth/page.tsx,c2e1470662804f1caeafe30439baef91940b875e,static_inventory_only; representative evidence in review; not individual E2E pass
blockid.au,page,/admin/i18n/review,admin_operations,web/src/app/(app)/(admin)/admin/i18n/review/page.tsx,c2e1470662804f1caeafe30439baef91940b875e,static_inventory_only; representative evidence in review; not individual E2E pass
blockid.au,page,/admin/listings,admin_operations,web/src/app/(app)/(admin)/admin/listings/page.tsx,c2e1470662804f1caeafe30439baef91940b875e,static_inventory_only; representative evidence in review; not individual E2E pass
blockid.au,page,/admin/notifications,admin_operations,web/src/app/(app)/(admin)/admin/notifications/page.tsx,c2e1470662804f1caeafe30439baef91940b875e,static_inventory_only; representative evidence in review; not individual E2E pass
blockid.au,page,/admin/ops,admin_operations,web/src/app/(app)/(admin)/admin/ops/page.tsx,c2e1470662804f1caeafe30439baef91940b875e,static_inventory_only; representative evidence in review; not individual E2E pass
blockid.au,page,/admin/outcomes,admin_operations,web/src/app/(app)/(admin)/admin/outcomes/page.tsx,c2e1470662804f1caeafe30439baef91940b875e,static_inventory_only; representative evidence in review; not individual E2E pass
blockid.au,page,/admin,admin_operations,web/src/app/(app)/(admin)/admin/page.tsx,c2e1470662804f1caeafe30439baef91940b875e,static_inventory_only; representative evidence in review; not individual E2E pass
blockid.au,page,/admin/pilots,admin_operations,web/src/app/(app)/(admin)/admin/pilots/page.tsx,c2e1470662804f1caeafe30439baef91940b875e,static_inventory_only; representative evidence in review; not individual E2E pass
blockid.au,page,/admin/pricing-metrics,admin_operations,web/src/app/(app)/(admin)/admin/pricing-metrics/page.tsx,c2e1470662804f1caeafe30439baef91940b875e,static_inventory_only; representative evidence in review; not individual E2E pass
blockid.au,page,/admin/pricing-test,admin_operations,web/src/app/(app)/(admin)/admin/pricing-test/page.tsx,c2e1470662804f1caeafe30439baef91940b875e,static_inventory_only; representative evidence in review; not individual E2E pass
blockid.au,page,/admin/resellers/[code],admin_operations,web/src/app/(app)/(admin)/admin/resellers/[code]/page.tsx,c2e1470662804f1caeafe30439baef91940b875e,static_inventory_only; representative evidence in review; not individual E2E pass
blockid.au,page,/admin/resellers/new,admin_operations,web/src/app/(app)/(admin)/admin/resellers/new/page.tsx,c2e1470662804f1caeafe30439baef91940b875e,static_inventory_only; representative evidence in review; not individual E2E pass
blockid.au,page,/admin/resellers,admin_operations,web/src/app/(app)/(admin)/admin/resellers/page.tsx,c2e1470662804f1caeafe30439baef91940b875e,static_inventory_only; representative evidence in review; not individual E2E pass
blockid.au,page,/admin/resellers/requests,admin_operations,web/src/app/(app)/(admin)/admin/resellers/requests/page.tsx,c2e1470662804f1caeafe30439baef91940b875e,static_inventory_only; representative evidence in review; not individual E2E pass
blockid.au,page,/admin/revenue-spend,admin_operations,web/src/app/(app)/(admin)/admin/revenue-spend/page.tsx,c2e1470662804f1caeafe30439baef91940b875e,static_inventory_only; representative evidence in review; not individual E2E pass
blockid.au,page,/admin/rnd,admin_operations,web/src/app/(app)/(admin)/admin/rnd/page.tsx,c2e1470662804f1caeafe30439baef91940b875e,static_inventory_only; representative evidence in review; not individual E2E pass
blockid.au,page,/admin/roadmap,admin_operations,web/src/app/(app)/(admin)/admin/roadmap/page.tsx,c2e1470662804f1caeafe30439baef91940b875e,static_inventory_only; representative evidence in review; not individual E2E pass
blockid.au,page,/admin/sales,admin_operations,web/src/app/(app)/(admin)/admin/sales/page.tsx,c2e1470662804f1caeafe30439baef91940b875e,static_inventory_only; representative evidence in review; not individual E2E pass
blockid.au,page,/admin/self-analysis,admin_operations,web/src/app/(app)/(admin)/admin/self-analysis/page.tsx,c2e1470662804f1caeafe30439baef91940b875e,static_inventory_only; representative evidence in review; not individual E2E pass
blockid.au,page,/admin/team,admin_operations,web/src/app/(app)/(admin)/admin/team/page.tsx,c2e1470662804f1caeafe30439baef91940b875e,static_inventory_only; representative evidence in review; not individual E2E pass
blockid.au,page,/admin/tokens,admin_operations,web/src/app/(app)/(admin)/admin/tokens/page.tsx,c2e1470662804f1caeafe30439baef91940b875e,static_inventory_only; representative evidence in review; not individual E2E pass
blockid.au,page,/admin/traction,admin_operations,web/src/app/(app)/(admin)/admin/traction/page.tsx,c2e1470662804f1caeafe30439baef91940b875e,static_inventory_only; representative evidence in review; not individual E2E pass
blockid.au,page,/admin/uptime-guardian,admin_operations,web/src/app/(app)/(admin)/admin/uptime-guardian/page.tsx,c2e1470662804f1caeafe30439baef91940b875e,static_inventory_only; representative evidence in review; not individual E2E pass
blockid.au,page,/admin/users/[id],admin_operations,web/src/app/(app)/(admin)/admin/users/[id]/page.tsx,c2e1470662804f1caeafe30439baef91940b875e,static_inventory_only; representative evidence in review; not individual E2E pass
blockid.au,page,/admin/users,admin_operations,web/src/app/(app)/(admin)/admin/users/page.tsx,c2e1470662804f1caeafe30439baef91940b875e,static_inventory_only; representative evidence in review; not individual E2E pass
blockid.au,page,/admin/validation,admin_operations,web/src/app/(app)/(admin)/admin/validation/page.tsx,c2e1470662804f1caeafe30439baef91940b875e,static_inventory_only; representative evidence in review; not individual E2E pass
blockid.au,page,/checkout/success,billing_credits,web/src/app/(app)/(founder)/checkout/success/page.tsx,c2e1470662804f1caeafe30439baef91940b875e,static_inventory_only; representative evidence in review; not individual E2E pass
blockid.au,page,/dashboard/admin/30day,admin_operations,web/src/app/(app)/(founder)/dashboard/admin/30day/page.tsx,c2e1470662804f1caeafe30439baef91940b875e,static_inventory_only; representative evidence in review; not individual E2E pass
blockid.au,page,/dashboard/admin/accelerators,admin_operations,web/src/app/(app)/(founder)/dashboard/admin/accelerators/page.tsx,c2e1470662804f1caeafe30439baef91940b875e,static_inventory_only; representative evidence in review; not individual E2E pass
blockid.au,page,/dashboard/admin/cohorts,admin_operations,web/src/app/(app)/(founder)/dashboard/admin/cohorts/page.tsx,c2e1470662804f1caeafe30439baef91940b875e,static_inventory_only; representative evidence in review; not individual E2E pass
blockid.au,page,/dashboard/admin/content,admin_operations,web/src/app/(app)/(founder)/dashboard/admin/content/page.tsx,c2e1470662804f1caeafe30439baef91940b875e,static_inventory_only; representative evidence in review; not individual E2E pass
blockid.au,page,/dashboard/admin/content-pillars,admin_operations,web/src/app/(app)/(founder)/dashboard/admin/content-pillars/page.tsx,c2e1470662804f1caeafe30439baef91940b875e,static_inventory_only; representative evidence in review; not individual E2E pass
blockid.au,page,/dashboard/admin/detail/[metric],admin_operations,web/src/app/(app)/(founder)/dashboard/admin/detail/[metric]/page.tsx,c2e1470662804f1caeafe30439baef91940b875e,static_inventory_only; representative evidence in review; not individual E2E pass
blockid.au,page,/dashboard/admin/investor-verifications,admin_operations,web/src/app/(app)/(founder)/dashboard/admin/investor-verifications/page.tsx,c2e1470662804f1caeafe30439baef91940b875e,static_inventory_only; representative evidence in review; not individual E2E pass
blockid.au,page,/dashboard/admin,admin_operations,web/src/app/(app)/(founder)/dashboard/admin/page.tsx,c2e1470662804f1caeafe30439baef91940b875e,static_inventory_only; representative evidence in review; not individual E2E pass
blockid.au,page,/dashboard/admin/pricing-test,admin_operations,web/src/app/(app)/(founder)/dashboard/admin/pricing-test/page.tsx,c2e1470662804f1caeafe30439baef91940b875e,static_inventory_only; representative evidence in review; not individual E2E pass
blockid.au,page,/dashboard/admin/sector-multiples,admin_operations,web/src/app/(app)/(founder)/dashboard/admin/sector-multiples/page.tsx,c2e1470662804f1caeafe30439baef91940b875e,static_inventory_only; representative evidence in review; not individual E2E pass
blockid.au,page,/dashboard/admin/stripe-sync,admin_operations,web/src/app/(app)/(founder)/dashboard/admin/stripe-sync/page.tsx,c2e1470662804f1caeafe30439baef91940b875e,static_inventory_only; representative evidence in review; not individual E2E pass
blockid.au,page,/dashboard/admin/svi-exchange,admin_operations,web/src/app/(app)/(founder)/dashboard/admin/svi-exchange/page.tsx,c2e1470662804f1caeafe30439baef91940b875e,static_inventory_only; representative evidence in review; not individual E2E pass
blockid.au,page,/dashboard/admin/uptime-guardian,admin_operations,web/src/app/(app)/(founder)/dashboard/admin/uptime-guardian/page.tsx,c2e1470662804f1caeafe30439baef91940b875e,static_inventory_only; representative evidence in review; not individual E2E pass
blockid.au,page,/dashboard/admin/usage,admin_operations,web/src/app/(app)/(founder)/dashboard/admin/usage/page.tsx,c2e1470662804f1caeafe30439baef91940b875e,static_inventory_only; representative evidence in review; not individual E2E pass
blockid.au,page,/dashboard,public_content_other,web/src/app/(app)/(founder)/dashboard/page.tsx,c2e1470662804f1caeafe30439baef91940b875e,static_inventory_only; representative evidence in review; not individual E2E pass
blockid.au,page,/dashboard/reports/lp-quarterly,reports_research_svi,web/src/app/(app)/(founder)/dashboard/reports/lp-quarterly/page.tsx,c2e1470662804f1caeafe30439baef91940b875e,static_inventory_only; representative evidence in review; not individual E2E pass
blockid.au,page,/workspace/accelerator/applications,investor_programs,web/src/app/(app)/(founder)/workspace/accelerator/applications/page.tsx,c2e1470662804f1caeafe30439baef91940b875e,static_inventory_only; representative evidence in review; not individual E2E pass
blockid.au,page,/workspace/accelerator/onboarding,identity_projects,web/src/app/(app)/(founder)/workspace/accelerator/onboarding/page.tsx,c2e1470662804f1caeafe30439baef91940b875e,static_inventory_only; representative evidence in review; not individual E2E pass
blockid.au,page,/workspace/accelerator,investor_programs,web/src/app/(app)/(founder)/workspace/accelerator/page.tsx,c2e1470662804f1caeafe30439baef91940b875e,static_inventory_only; representative evidence in review; not individual E2E pass
blockid.au,page,/workspace/accelerator/quarterly-report,reports_research_svi,web/src/app/(app)/(founder)/workspace/accelerator/quarterly-report/page.tsx,c2e1470662804f1caeafe30439baef91940b875e,static_inventory_only; representative evidence in review; not individual E2E pass
blockid.au,page,/workspace/accelerator/templates,investor_programs,web/src/app/(app)/(founder)/workspace/accelerator/templates/page.tsx,c2e1470662804f1caeafe30439baef91940b875e,static_inventory_only; representative evidence in review; not individual E2E pass
blockid.au,page,/workspace/accelerators/criteria,investor_programs,web/src/app/(app)/(founder)/workspace/accelerators/criteria/page.tsx,c2e1470662804f1caeafe30439baef91940b875e,static_inventory_only; representative evidence in review; not individual E2E pass
blockid.au,page,/workspace/accelerators,investor_programs,web/src/app/(app)/(founder)/workspace/accelerators/page.tsx,c2e1470662804f1caeafe30439baef91940b875e,static_inventory_only; representative evidence in review; not individual E2E pass
blockid.au,page,/workspace/advisor/notes,investor_programs,web/src/app/(app)/(founder)/workspace/advisor/notes/page.tsx,c2e1470662804f1caeafe30439baef91940b875e,static_inventory_only; representative evidence in review; not individual E2E pass
blockid.au,page,/workspace/advisor,investor_programs,web/src/app/(app)/(founder)/workspace/advisor/page.tsx,c2e1470662804f1caeafe30439baef91940b875e,static_inventory_only; representative evidence in review; not individual E2E pass
blockid.au,page,/workspace/advisor/roster/invite,investor_programs,web/src/app/(app)/(founder)/workspace/advisor/roster/invite/page.tsx,c2e1470662804f1caeafe30439baef91940b875e,static_inventory_only; representative evidence in review; not individual E2E pass
blockid.au,page,/workspace/advisor/roster,investor_programs,web/src/app/(app)/(founder)/workspace/advisor/roster/page.tsx,c2e1470662804f1caeafe30439baef91940b875e,static_inventory_only; representative evidence in review; not individual E2E pass
blockid.au,page,/workspace/billing,billing_credits,web/src/app/(app)/(founder)/workspace/billing/page.tsx,c2e1470662804f1caeafe30439baef91940b875e,static_inventory_only; representative evidence in review; not individual E2E pass
blockid.au,page,/workspace/documents/compliance,equity_finance_legal,web/src/app/(app)/(founder)/workspace/documents/compliance/page.tsx,c2e1470662804f1caeafe30439baef91940b875e,static_inventory_only; representative evidence in review; not individual E2E pass
blockid.au,page,/workspace/documents/data-room,founder_growth_tools,web/src/app/(app)/(founder)/workspace/documents/data-room/page.tsx,c2e1470662804f1caeafe30439baef91940b875e,static_inventory_only; representative evidence in review; not individual E2E pass
blockid.au,page,/workspace/documents,founder_growth_tools,web/src/app/(app)/(founder)/workspace/documents/page.tsx,c2e1470662804f1caeafe30439baef91940b875e,static_inventory_only; representative evidence in review; not individual E2E pass
blockid.au,page,/workspace/equity/cap-table,equity_finance_legal,web/src/app/(app)/(founder)/workspace/equity/cap-table/page.tsx,c2e1470662804f1caeafe30439baef91940b875e,static_inventory_only; representative evidence in review; not individual E2E pass
blockid.au,page,/workspace/equity/on-chain,equity_finance_legal,web/src/app/(app)/(founder)/workspace/equity/on-chain/page.tsx,c2e1470662804f1caeafe30439baef91940b875e,static_inventory_only; representative evidence in review; not individual E2E pass
blockid.au,page,/workspace/equity,equity_finance_legal,web/src/app/(app)/(founder)/workspace/equity/page.tsx,c2e1470662804f1caeafe30439baef91940b875e,static_inventory_only; representative evidence in review; not individual E2E pass
blockid.au,page,/workspace/equity/secondary,equity_finance_legal,web/src/app/(app)/(founder)/workspace/equity/secondary/page.tsx,c2e1470662804f1caeafe30439baef91940b875e,static_inventory_only; representative evidence in review; not individual E2E pass
blockid.au,page,/workspace/equity/setup,equity_finance_legal,web/src/app/(app)/(founder)/workspace/equity/setup/page.tsx,c2e1470662804f1caeafe30439baef91940b875e,static_inventory_only; representative evidence in review; not individual E2E pass
blockid.au,page,/workspace/equity/shareholders,equity_finance_legal,web/src/app/(app)/(founder)/workspace/equity/shareholders/page.tsx,c2e1470662804f1caeafe30439baef91940b875e,static_inventory_only; representative evidence in review; not individual E2E pass
blockid.au,page,/workspace/esop/grants,equity_finance_legal,web/src/app/(app)/(founder)/workspace/esop/grants/page.tsx,c2e1470662804f1caeafe30439baef91940b875e,static_inventory_only; representative evidence in review; not individual E2E pass
blockid.au,page,/workspace/esop/manage,equity_finance_legal,web/src/app/(app)/(founder)/workspace/esop/manage/page.tsx,c2e1470662804f1caeafe30439baef91940b875e,static_inventory_only; representative evidence in review; not individual E2E pass
blockid.au,page,/workspace/esop/offers,equity_finance_legal,web/src/app/(app)/(founder)/workspace/esop/offers/page.tsx,c2e1470662804f1caeafe30439baef91940b875e,static_inventory_only; representative evidence in review; not individual E2E pass
blockid.au,page,/workspace/esop/offers/request,equity_finance_legal,web/src/app/(app)/(founder)/workspace/esop/offers/request/page.tsx,c2e1470662804f1caeafe30439baef91940b875e,static_inventory_only; representative evidence in review; not individual E2E pass
blockid.au,page,/workspace/esop,equity_finance_legal,web/src/app/(app)/(founder)/workspace/esop/page.tsx,c2e1470662804f1caeafe30439baef91940b875e,static_inventory_only; representative evidence in review; not individual E2E pass
blockid.au,page,/workspace/esop/vesting,equity_finance_legal,web/src/app/(app)/(founder)/workspace/esop/vesting/page.tsx,c2e1470662804f1caeafe30439baef91940b875e,static_inventory_only; representative evidence in review; not individual E2E pass
blockid.au,page,/workspace/evaluations/[evaluationId],reports_research_svi,web/src/app/(app)/(founder)/workspace/evaluations/[evaluationId]/page.tsx,c2e1470662804f1caeafe30439baef91940b875e,static_inventory_only; representative evidence in review; not individual E2E pass
blockid.au,page,/workspace/evaluations/cohort/[batchId],reports_research_svi,web/src/app/(app)/(founder)/workspace/evaluations/cohort/[batchId]/page.tsx,c2e1470662804f1caeafe30439baef91940b875e,static_inventory_only; representative evidence in review; not individual E2E pass
blockid.au,page,/workspace/evaluations/cohort,reports_research_svi,web/src/app/(app)/(founder)/workspace/evaluations/cohort/page.tsx,c2e1470662804f1caeafe30439baef91940b875e,static_inventory_only; representative evidence in review; not individual E2E pass
blockid.au,page,/workspace/evaluations,reports_research_svi,web/src/app/(app)/(founder)/workspace/evaluations/page.tsx,c2e1470662804f1caeafe30439baef91940b875e,static_inventory_only; representative evidence in review; not individual E2E pass
blockid.au,page,/workspace/evidence/connectors,evidence_integrations,web/src/app/(app)/(founder)/workspace/evidence/connectors/page.tsx,c2e1470662804f1caeafe30439baef91940b875e,static_inventory_only; representative evidence in review; not individual E2E pass
blockid.au,page,/workspace/evidence/corrections,evidence_integrations,web/src/app/(app)/(founder)/workspace/evidence/corrections/page.tsx,c2e1470662804f1caeafe30439baef91940b875e,static_inventory_only; representative evidence in review; not individual E2E pass
blockid.au,page,/workspace/evidence/founder,evidence_integrations,web/src/app/(app)/(founder)/workspace/evidence/founder/page.tsx,c2e1470662804f1caeafe30439baef91940b875e,static_inventory_only; representative evidence in review; not individual E2E pass
blockid.au,page,/workspace/evidence/gaps,evidence_integrations,web/src/app/(app)/(founder)/workspace/evidence/gaps/page.tsx,c2e1470662804f1caeafe30439baef91940b875e,static_inventory_only; representative evidence in review; not individual E2E pass
blockid.au,page,/workspace/evidence/metrics,evidence_integrations,web/src/app/(app)/(founder)/workspace/evidence/metrics/page.tsx,c2e1470662804f1caeafe30439baef91940b875e,static_inventory_only; representative evidence in review; not individual E2E pass
blockid.au,page,/workspace/evidence/outcomes,evidence_integrations,web/src/app/(app)/(founder)/workspace/evidence/outcomes/page.tsx,c2e1470662804f1caeafe30439baef91940b875e,static_inventory_only; representative evidence in review; not individual E2E pass
blockid.au,page,/workspace/evidence,evidence_integrations,web/src/app/(app)/(founder)/workspace/evidence/page.tsx,c2e1470662804f1caeafe30439baef91940b875e,static_inventory_only; representative evidence in review; not individual E2E pass
blockid.au,page,/workspace/exit/benchmark,founder_growth_tools,web/src/app/(app)/(founder)/workspace/exit/benchmark/page.tsx,c2e1470662804f1caeafe30439baef91940b875e,static_inventory_only; representative evidence in review; not individual E2E pass
blockid.au,page,/workspace/exit/clean-room,founder_growth_tools,web/src/app/(app)/(founder)/workspace/exit/clean-room/page.tsx,c2e1470662804f1caeafe30439baef91940b875e,static_inventory_only; representative evidence in review; not individual E2E pass
blockid.au,page,/workspace/exit/listing,founder_growth_tools,web/src/app/(app)/(founder)/workspace/exit/listing/page.tsx,c2e1470662804f1caeafe30439baef91940b875e,static_inventory_only; representative evidence in review; not individual E2E pass
blockid.au,page,/workspace/exit,founder_growth_tools,web/src/app/(app)/(founder)/workspace/exit/page.tsx,c2e1470662804f1caeafe30439baef91940b875e,static_inventory_only; representative evidence in review; not individual E2E pass
blockid.au,page,/workspace/exit/strategy/[scenarioId],founder_growth_tools,web/src/app/(app)/(founder)/workspace/exit/strategy/[scenarioId]/page.tsx,c2e1470662804f1caeafe30439baef91940b875e,static_inventory_only; representative evidence in review; not individual E2E pass
blockid.au,page,/workspace/exit/strategy/new,founder_growth_tools,web/src/app/(app)/(founder)/workspace/exit/strategy/new/page.tsx,c2e1470662804f1caeafe30439baef91940b875e,static_inventory_only; representative evidence in review; not individual E2E pass
blockid.au,page,/workspace/exit/strategy,founder_growth_tools,web/src/app/(app)/(founder)/workspace/exit/strategy/page.tsx,c2e1470662804f1caeafe30439baef91940b875e,static_inventory_only; representative evidence in review; not individual E2E pass
blockid.au,page,/workspace/finance/dividends,equity_finance_legal,web/src/app/(app)/(founder)/workspace/finance/dividends/page.tsx,c2e1470662804f1caeafe30439baef91940b875e,static_inventory_only; representative evidence in review; not individual E2E pass
blockid.au,page,/workspace/finance/expenses,founder_growth_tools,web/src/app/(app)/(founder)/workspace/finance/expenses/page.tsx,c2e1470662804f1caeafe30439baef91940b875e,static_inventory_only; representative evidence in review; not individual E2E pass
blockid.au,page,/workspace/finance/invoices,founder_growth_tools,web/src/app/(app)/(founder)/workspace/finance/invoices/page.tsx,c2e1470662804f1caeafe30439baef91940b875e,static_inventory_only; representative evidence in review; not individual E2E pass
blockid.au,page,/workspace/finance,founder_growth_tools,web/src/app/(app)/(founder)/workspace/finance/page.tsx,c2e1470662804f1caeafe30439baef91940b875e,static_inventory_only; representative evidence in review; not individual E2E pass
blockid.au,page,/workspace/finance/revenue,founder_growth_tools,web/src/app/(app)/(founder)/workspace/finance/revenue/page.tsx,c2e1470662804f1caeafe30439baef91940b875e,static_inventory_only; representative evidence in review; not individual E2E pass
blockid.au,page,/workspace/funding,founder_growth_tools,web/src/app/(app)/(founder)/workspace/funding/page.tsx,c2e1470662804f1caeafe30439baef91940b875e,static_inventory_only; representative evidence in review; not individual E2E pass
blockid.au,page,/workspace/investor/dealflow,investor_programs,web/src/app/(app)/(founder)/workspace/investor/dealflow/page.tsx,c2e1470662804f1caeafe30439baef91940b875e,static_inventory_only; representative evidence in review; not individual E2E pass
blockid.au,page,/workspace/investor/digest,investor_programs,web/src/app/(app)/(founder)/workspace/investor/digest/page.tsx,c2e1470662804f1caeafe30439baef91940b875e,static_inventory_only; representative evidence in review; not individual E2E pass
blockid.au,page,/workspace/investor/mandate,investor_programs,web/src/app/(app)/(founder)/workspace/investor/mandate/page.tsx,c2e1470662804f1caeafe30439baef91940b875e,static_inventory_only; representative evidence in review; not individual E2E pass
blockid.au,page,/workspace/investor,investor_programs,web/src/app/(app)/(founder)/workspace/investor/page.tsx,c2e1470662804f1caeafe30439baef91940b875e,static_inventory_only; representative evidence in review; not individual E2E pass
blockid.au,page,/workspace/investor/portfolio,investor_programs,web/src/app/(app)/(founder)/workspace/investor/portfolio/page.tsx,c2e1470662804f1caeafe30439baef91940b875e,static_inventory_only; representative evidence in review; not individual E2E pass
blockid.au,page,/workspace/investor/startup/[projectId],investor_programs,web/src/app/(app)/(founder)/workspace/investor/startup/[projectId]/page.tsx,c2e1470662804f1caeafe30439baef91940b875e,static_inventory_only; representative evidence in review; not individual E2E pass
blockid.au,page,/workspace/investor/team,investor_programs,web/src/app/(app)/(founder)/workspace/investor/team/page.tsx,c2e1470662804f1caeafe30439baef91940b875e,static_inventory_only; representative evidence in review; not individual E2E pass
blockid.au,page,/workspace/investor/watchlist,investor_programs,web/src/app/(app)/(founder)/workspace/investor/watchlist/page.tsx,c2e1470662804f1caeafe30439baef91940b875e,static_inventory_only; representative evidence in review; not individual E2E pass
blockid.au,page,/workspace/investors/access/new,investor_programs,web/src/app/(app)/(founder)/workspace/investors/access/new/page.tsx,c2e1470662804f1caeafe30439baef91940b875e,static_inventory_only; representative evidence in review; not individual E2E pass
blockid.au,page,/workspace/investors/access,investor_programs,web/src/app/(app)/(founder)/workspace/investors/access/page.tsx,c2e1470662804f1caeafe30439baef91940b875e,static_inventory_only; representative evidence in review; not individual E2E pass
blockid.au,page,/workspace/investors,investor_programs,web/src/app/(app)/(founder)/workspace/investors/page.tsx,c2e1470662804f1caeafe30439baef91940b875e,static_inventory_only; representative evidence in review; not individual E2E pass
blockid.au,page,/workspace/investors/pipeline,investor_programs,web/src/app/(app)/(founder)/workspace/investors/pipeline/page.tsx,c2e1470662804f1caeafe30439baef91940b875e,static_inventory_only; representative evidence in review; not individual E2E pass
blockid.au,page,/workspace/knowledge-base,founder_growth_tools,web/src/app/(app)/(founder)/workspace/knowledge-base/page.tsx,c2e1470662804f1caeafe30439baef91940b875e,static_inventory_only; representative evidence in review; not individual E2E pass
blockid.au,page,/workspace/lp-report,reports_research_svi,web/src/app/(app)/(founder)/workspace/lp-report/page.tsx,c2e1470662804f1caeafe30439baef91940b875e,static_inventory_only; representative evidence in review; not individual E2E pass
blockid.au,page,/workspace,founder_growth_tools,web/src/app/(app)/(founder)/workspace/page.tsx,c2e1470662804f1caeafe30439baef91940b875e,static_inventory_only; representative evidence in review; not individual E2E pass
blockid.au,page,/workspace/plan/guide/[chapter],founder_growth_tools,web/src/app/(app)/(founder)/workspace/plan/guide/[chapter]/page.tsx,c2e1470662804f1caeafe30439baef91940b875e,static_inventory_only; representative evidence in review; not individual E2E pass
blockid.au,page,/workspace/plan/journal,founder_growth_tools,web/src/app/(app)/(founder)/workspace/plan/journal/page.tsx,c2e1470662804f1caeafe30439baef91940b875e,static_inventory_only; representative evidence in review; not individual E2E pass
blockid.au,page,/workspace/plan,founder_growth_tools,web/src/app/(app)/(founder)/workspace/plan/page.tsx,c2e1470662804f1caeafe30439baef91940b875e,static_inventory_only; representative evidence in review; not individual E2E pass
blockid.au,page,/workspace/projects/[slug]/analyze,reports_research_svi,web/src/app/(app)/(founder)/workspace/projects/[slug]/analyze/page.tsx,c2e1470662804f1caeafe30439baef91940b875e,static_inventory_only; representative evidence in review; not individual E2E pass
blockid.au,page,/workspace/projects/[slug]/members,identity_projects,web/src/app/(app)/(founder)/workspace/projects/[slug]/members/page.tsx,c2e1470662804f1caeafe30439baef91940b875e,static_inventory_only; representative evidence in review; not individual E2E pass
blockid.au,page,/workspace/projects/archived,identity_projects,web/src/app/(app)/(founder)/workspace/projects/archived/page.tsx,c2e1470662804f1caeafe30439baef91940b875e,static_inventory_only; representative evidence in review; not individual E2E pass
blockid.au,page,/workspace/projects/compare,identity_projects,web/src/app/(app)/(founder)/workspace/projects/compare/page.tsx,c2e1470662804f1caeafe30439baef91940b875e,static_inventory_only; representative evidence in review; not individual E2E pass
blockid.au,page,/workspace/projects,identity_projects,web/src/app/(app)/(founder)/workspace/projects/page.tsx,c2e1470662804f1caeafe30439baef91940b875e,static_inventory_only; representative evidence in review; not individual E2E pass
blockid.au,page,/workspace/raise/deck,founder_growth_tools,web/src/app/(app)/(founder)/workspace/raise/deck/page.tsx,c2e1470662804f1caeafe30439baef91940b875e,static_inventory_only; representative evidence in review; not individual E2E pass
blockid.au,page,/workspace/raise,founder_growth_tools,web/src/app/(app)/(founder)/workspace/raise/page.tsx,c2e1470662804f1caeafe30439baef91940b875e,static_inventory_only; representative evidence in review; not individual E2E pass
blockid.au,page,/workspace/raise/round/[roundId],founder_growth_tools,web/src/app/(app)/(founder)/workspace/raise/round/[roundId]/page.tsx,c2e1470662804f1caeafe30439baef91940b875e,static_inventory_only; representative evidence in review; not individual E2E pass
blockid.au,page,/workspace/raise/round,founder_growth_tools,web/src/app/(app)/(founder)/workspace/raise/round/page.tsx,c2e1470662804f1caeafe30439baef91940b875e,static_inventory_only; representative evidence in review; not individual E2E pass
blockid.au,page,/workspace/raise/round/structure,founder_growth_tools,web/src/app/(app)/(founder)/workspace/raise/round/structure/page.tsx,c2e1470662804f1caeafe30439baef91940b875e,static_inventory_only; representative evidence in review; not individual E2E pass
blockid.au,page,/workspace/raise/term-sheet,founder_growth_tools,web/src/app/(app)/(founder)/workspace/raise/term-sheet/page.tsx,c2e1470662804f1caeafe30439baef91940b875e,static_inventory_only; representative evidence in review; not individual E2E pass
blockid.au,page,/workspace/reports/[id],reports_research_svi,web/src/app/(app)/(founder)/workspace/reports/[id]/page.tsx,c2e1470662804f1caeafe30439baef91940b875e,static_inventory_only; representative evidence in review; not individual E2E pass
blockid.au,page,/workspace/reports/business,reports_research_svi,web/src/app/(app)/(founder)/workspace/reports/business/page.tsx,c2e1470662804f1caeafe30439baef91940b875e,static_inventory_only; representative evidence in review; not individual E2E pass
blockid.au,page,/workspace/reports/c-level/[role],reports_research_svi,web/src/app/(app)/(founder)/workspace/reports/c-level/[role]/page.tsx,c2e1470662804f1caeafe30439baef91940b875e,static_inventory_only; representative evidence in review; not individual E2E pass
blockid.au,page,/workspace/reports/c-level,reports_research_svi,web/src/app/(app)/(founder)/workspace/reports/c-level/page.tsx,c2e1470662804f1caeafe30439baef91940b875e,static_inventory_only; representative evidence in review; not individual E2E pass
blockid.au,page,/workspace/reports/investor-pack/generate,reports_research_svi,web/src/app/(app)/(founder)/workspace/reports/investor-pack/generate/page.tsx,c2e1470662804f1caeafe30439baef91940b875e,static_inventory_only; representative evidence in review; not individual E2E pass
blockid.au,page,/workspace/reports/investor-pack,reports_research_svi,web/src/app/(app)/(founder)/workspace/reports/investor-pack/page.tsx,c2e1470662804f1caeafe30439baef91940b875e,static_inventory_only; representative evidence in review; not individual E2E pass
blockid.au,page,/workspace/reports/order,reports_research_svi,web/src/app/(app)/(founder)/workspace/reports/order/page.tsx,c2e1470662804f1caeafe30439baef91940b875e,static_inventory_only; representative evidence in review; not individual E2E pass
blockid.au,page,/workspace/reports,reports_research_svi,web/src/app/(app)/(founder)/workspace/reports/page.tsx,c2e1470662804f1caeafe30439baef91940b875e,static_inventory_only; representative evidence in review; not individual E2E pass
blockid.au,page,/workspace/reports/weekly,reports_research_svi,web/src/app/(app)/(founder)/workspace/reports/weekly/page.tsx,c2e1470662804f1caeafe30439baef91940b875e,static_inventory_only; representative evidence in review; not individual E2E pass
blockid.au,page,/workspace/score/benchmark,reports_research_svi,web/src/app/(app)/(founder)/workspace/score/benchmark/page.tsx,c2e1470662804f1caeafe30439baef91940b875e,static_inventory_only; representative evidence in review; not individual E2E pass
blockid.au,page,/workspace/score/criteria,reports_research_svi,web/src/app/(app)/(founder)/workspace/score/criteria/page.tsx,c2e1470662804f1caeafe30439baef91940b875e,static_inventory_only; representative evidence in review; not individual E2E pass
blockid.au,page,/workspace/score/history/[startup_id],reports_research_svi,web/src/app/(app)/(founder)/workspace/score/history/[startup_id]/page.tsx,c2e1470662804f1caeafe30439baef91940b875e,static_inventory_only; representative evidence in review; not individual E2E pass
blockid.au,page,/workspace/score/history,reports_research_svi,web/src/app/(app)/(founder)/workspace/score/history/page.tsx,c2e1470662804f1caeafe30439baef91940b875e,static_inventory_only; representative evidence in review; not individual E2E pass
blockid.au,page,/workspace/score/listing,reports_research_svi,web/src/app/(app)/(founder)/workspace/score/listing/page.tsx,c2e1470662804f1caeafe30439baef91940b875e,static_inventory_only; representative evidence in review; not individual E2E pass
blockid.au,page,/workspace/score,reports_research_svi,web/src/app/(app)/(founder)/workspace/score/page.tsx,c2e1470662804f1caeafe30439baef91940b875e,static_inventory_only; representative evidence in review; not individual E2E pass
blockid.au,page,/workspace/score/trend,reports_research_svi,web/src/app/(app)/(founder)/workspace/score/trend/page.tsx,c2e1470662804f1caeafe30439baef91940b875e,static_inventory_only; representative evidence in review; not individual E2E pass
blockid.au,page,/workspace/settings/audit,identity_projects,web/src/app/(app)/(founder)/workspace/settings/audit/page.tsx,c2e1470662804f1caeafe30439baef91940b875e,static_inventory_only; representative evidence in review; not individual E2E pass
blockid.au,page,/workspace/settings/enterprise,identity_projects,web/src/app/(app)/(founder)/workspace/settings/enterprise/page.tsx,c2e1470662804f1caeafe30439baef91940b875e,static_inventory_only; representative evidence in review; not individual E2E pass
blockid.au,page,/workspace/settings/feedback,identity_projects,web/src/app/(app)/(founder)/workspace/settings/feedback/page.tsx,c2e1470662804f1caeafe30439baef91940b875e,static_inventory_only; representative evidence in review; not individual E2E pass
blockid.au,page,/workspace/settings/founder,identity_projects,web/src/app/(app)/(founder)/workspace/settings/founder/page.tsx,c2e1470662804f1caeafe30439baef91940b875e,static_inventory_only; representative evidence in review; not individual E2E pass
blockid.au,page,/workspace/settings/notifications,identity_projects,web/src/app/(app)/(founder)/workspace/settings/notifications/page.tsx,c2e1470662804f1caeafe30439baef91940b875e,static_inventory_only; representative evidence in review; not individual E2E pass
blockid.au,page,/workspace/settings/notifications/preferences,identity_projects,web/src/app/(app)/(founder)/workspace/settings/notifications/preferences/page.tsx,c2e1470662804f1caeafe30439baef91940b875e,static_inventory_only; representative evidence in review; not individual E2E pass
blockid.au,page,/workspace/settings,identity_projects,web/src/app/(app)/(founder)/workspace/settings/page.tsx,c2e1470662804f1caeafe30439baef91940b875e,static_inventory_only; representative evidence in review; not individual E2E pass
blockid.au,page,/workspace/settings/profile,identity_projects,web/src/app/(app)/(founder)/workspace/settings/profile/page.tsx,c2e1470662804f1caeafe30439baef91940b875e,static_inventory_only; representative evidence in review; not individual E2E pass
blockid.au,page,/workspace/settings/project,identity_projects,web/src/app/(app)/(founder)/workspace/settings/project/page.tsx,c2e1470662804f1caeafe30439baef91940b875e,static_inventory_only; representative evidence in review; not individual E2E pass
blockid.au,page,/workspace/settings/referrals,identity_projects,web/src/app/(app)/(founder)/workspace/settings/referrals/page.tsx,c2e1470662804f1caeafe30439baef91940b875e,static_inventory_only; representative evidence in review; not individual E2E pass
blockid.au,page,/workspace/settings/retention,identity_projects,web/src/app/(app)/(founder)/workspace/settings/retention/page.tsx,c2e1470662804f1caeafe30439baef91940b875e,static_inventory_only; representative evidence in review; not individual E2E pass
blockid.au,page,/workspace/strategy/competitors,founder_growth_tools,web/src/app/(app)/(founder)/workspace/strategy/competitors/page.tsx,c2e1470662804f1caeafe30439baef91940b875e,static_inventory_only; representative evidence in review; not individual E2E pass
blockid.au,page,/workspace/strategy/gtm,founder_growth_tools,web/src/app/(app)/(founder)/workspace/strategy/gtm/page.tsx,c2e1470662804f1caeafe30439baef91940b875e,static_inventory_only; representative evidence in review; not individual E2E pass
blockid.au,page,/workspace/strategy,founder_growth_tools,web/src/app/(app)/(founder)/workspace/strategy/page.tsx,c2e1470662804f1caeafe30439baef91940b875e,static_inventory_only; representative evidence in review; not individual E2E pass
blockid.au,page,/workspace/strategy/pricing,billing_credits,web/src/app/(app)/(founder)/workspace/strategy/pricing/page.tsx,c2e1470662804f1caeafe30439baef91940b875e,static_inventory_only; representative evidence in review; not individual E2E pass
blockid.au,page,/workspace/strategy/roadmap,founder_growth_tools,web/src/app/(app)/(founder)/workspace/strategy/roadmap/page.tsx,c2e1470662804f1caeafe30439baef91940b875e,static_inventory_only; representative evidence in review; not individual E2E pass
blockid.au,page,/workspace/strategy/tech,founder_growth_tools,web/src/app/(app)/(founder)/workspace/strategy/tech/page.tsx,c2e1470662804f1caeafe30439baef91940b875e,static_inventory_only; representative evidence in review; not individual E2E pass
blockid.au,page,/workspace/team,founder_growth_tools,web/src/app/(app)/(founder)/workspace/team/page.tsx,c2e1470662804f1caeafe30439baef91940b875e,static_inventory_only; representative evidence in review; not individual E2E pass
blockid.au,page,/workspace/team/salaries,founder_growth_tools,web/src/app/(app)/(founder)/workspace/team/salaries/page.tsx,c2e1470662804f1caeafe30439baef91940b875e,static_inventory_only; representative evidence in review; not individual E2E pass
blockid.au,page,/workspace/valuation/cfo,equity_finance_legal,web/src/app/(app)/(founder)/workspace/valuation/cfo/page.tsx,c2e1470662804f1caeafe30439baef91940b875e,static_inventory_only; representative evidence in review; not individual E2E pass
blockid.au,page,/workspace/valuation/forecast/[modelId],equity_finance_legal,web/src/app/(app)/(founder)/workspace/valuation/forecast/[modelId]/page.tsx,c2e1470662804f1caeafe30439baef91940b875e,static_inventory_only; representative evidence in review; not individual E2E pass
blockid.au,page,/workspace/valuation/forecast,equity_finance_legal,web/src/app/(app)/(founder)/workspace/valuation/forecast/page.tsx,c2e1470662804f1caeafe30439baef91940b875e,static_inventory_only; representative evidence in review; not individual E2E pass
blockid.au,page,/workspace/valuation/forecast/wizard,equity_finance_legal,web/src/app/(app)/(founder)/workspace/valuation/forecast/wizard/page.tsx,c2e1470662804f1caeafe30439baef91940b875e,static_inventory_only; representative evidence in review; not individual E2E pass
blockid.au,page,/workspace/valuation,equity_finance_legal,web/src/app/(app)/(founder)/workspace/valuation/page.tsx,c2e1470662804f1caeafe30439baef91940b875e,static_inventory_only; representative evidence in review; not individual E2E pass
blockid.au,page,/workspace/weekly-digest,founder_growth_tools,web/src/app/(app)/(founder)/workspace/weekly-digest/page.tsx,c2e1470662804f1caeafe30439baef91940b875e,static_inventory_only; representative evidence in review; not individual E2E pass
blockid.au,page,/reseller/codes,investor_programs,web/src/app/(app)/(reseller)/reseller/codes/page.tsx,c2e1470662804f1caeafe30439baef91940b875e,static_inventory_only; representative evidence in review; not individual E2E pass
blockid.au,page,/reseller/create-startup,investor_programs,web/src/app/(app)/(reseller)/reseller/create-startup/page.tsx,c2e1470662804f1caeafe30439baef91940b875e,static_inventory_only; representative evidence in review; not individual E2E pass
blockid.au,page,/reseller/credits,billing_credits,web/src/app/(app)/(reseller)/reseller/credits/page.tsx,c2e1470662804f1caeafe30439baef91940b875e,static_inventory_only; representative evidence in review; not individual E2E pass
blockid.au,page,/reseller/customers,investor_programs,web/src/app/(app)/(reseller)/reseller/customers/page.tsx,c2e1470662804f1caeafe30439baef91940b875e,static_inventory_only; representative evidence in review; not individual E2E pass
blockid.au,page,/reseller/mentor/[founderId]/checkins,investor_programs,web/src/app/(app)/(reseller)/reseller/mentor/[founderId]/checkins/page.tsx,c2e1470662804f1caeafe30439baef91940b875e,static_inventory_only; representative evidence in review; not individual E2E pass
blockid.au,page,/reseller/mentor/[founderId]/goals,investor_programs,web/src/app/(app)/(reseller)/reseller/mentor/[founderId]/goals/page.tsx,c2e1470662804f1caeafe30439baef91940b875e,static_inventory_only; representative evidence in review; not individual E2E pass
blockid.au,page,/reseller/mentor/[founderId]/notes,investor_programs,web/src/app/(app)/(reseller)/reseller/mentor/[founderId]/notes/page.tsx,c2e1470662804f1caeafe30439baef91940b875e,static_inventory_only; representative evidence in review; not individual E2E pass
blockid.au,page,/reseller/mentor/[founderId]/overview,investor_programs,web/src/app/(app)/(reseller)/reseller/mentor/[founderId]/overview/page.tsx,c2e1470662804f1caeafe30439baef91940b875e,static_inventory_only; representative evidence in review; not individual E2E pass
blockid.au,page,/reseller/mentor/[founderId],investor_programs,web/src/app/(app)/(reseller)/reseller/mentor/[founderId]/page.tsx,c2e1470662804f1caeafe30439baef91940b875e,static_inventory_only; representative evidence in review; not individual E2E pass
blockid.au,page,/reseller/mentor/[founderId]/reports,reports_research_svi,web/src/app/(app)/(reseller)/reseller/mentor/[founderId]/reports/page.tsx,c2e1470662804f1caeafe30439baef91940b875e,static_inventory_only; representative evidence in review; not individual E2E pass
blockid.au,page,/reseller/mentor/cohort,investor_programs,web/src/app/(app)/(reseller)/reseller/mentor/cohort/page.tsx,c2e1470662804f1caeafe30439baef91940b875e,static_inventory_only; representative evidence in review; not individual E2E pass
blockid.au,page,/reseller/mentor,investor_programs,web/src/app/(app)/(reseller)/reseller/mentor/page.tsx,c2e1470662804f1caeafe30439baef91940b875e,static_inventory_only; representative evidence in review; not individual E2E pass
blockid.au,page,/reseller,investor_programs,web/src/app/(app)/(reseller)/reseller/page.tsx,c2e1470662804f1caeafe30439baef91940b875e,static_inventory_only; representative evidence in review; not individual E2E pass
blockid.au,page,/reseller/reports,reports_research_svi,web/src/app/(app)/(reseller)/reseller/reports/page.tsx,c2e1470662804f1caeafe30439baef91940b875e,static_inventory_only; representative evidence in review; not individual E2E pass
blockid.au,page,/reseller/requests,investor_programs,web/src/app/(app)/(reseller)/reseller/requests/page.tsx,c2e1470662804f1caeafe30439baef91940b875e,static_inventory_only; representative evidence in review; not individual E2E pass
blockid.au,page,/reseller/roster,investor_programs,web/src/app/(app)/(reseller)/reseller/roster/page.tsx,c2e1470662804f1caeafe30439baef91940b875e,static_inventory_only; representative evidence in review; not individual E2E pass
blockid.au,page,/reseller/settings,identity_projects,web/src/app/(app)/(reseller)/reseller/settings/page.tsx,c2e1470662804f1caeafe30439baef91940b875e,static_inventory_only; representative evidence in review; not individual E2E pass
blockid.au,page,/onboarding,identity_projects,web/src/app/(app)/onboarding/page.tsx,c2e1470662804f1caeafe30439baef91940b875e,static_inventory_only; representative evidence in review; not individual E2E pass
blockid.au,page,/about/invest,public_content_other,web/src/app/(marketing)/about/invest/page.tsx,c2e1470662804f1caeafe30439baef91940b875e,static_inventory_only; representative evidence in review; not individual E2E pass
blockid.au,page,/about,public_content_other,web/src/app/(marketing)/about/page.tsx,c2e1470662804f1caeafe30439baef91940b875e,static_inventory_only; representative evidence in review; not individual E2E pass
blockid.au,page,/business-id,public_content_other,web/src/app/(marketing)/business-id/page.tsx,c2e1470662804f1caeafe30439baef91940b875e,static_inventory_only; representative evidence in review; not individual E2E pass
blockid.au,page,/changelog,public_content_other,web/src/app/(marketing)/changelog/page.tsx,c2e1470662804f1caeafe30439baef91940b875e,static_inventory_only; representative evidence in review; not individual E2E pass
blockid.au,page,/compare/[slug],public_content_other,web/src/app/(marketing)/compare/[slug]/page.tsx,c2e1470662804f1caeafe30439baef91940b875e,static_inventory_only; representative evidence in review; not individual E2E pass
blockid.au,page,/compare,public_content_other,web/src/app/(marketing)/compare/page.tsx,c2e1470662804f1caeafe30439baef91940b875e,static_inventory_only; representative evidence in review; not individual E2E pass
blockid.au,page,/contact,public_content_other,web/src/app/(marketing)/contact/page.tsx,c2e1470662804f1caeafe30439baef91940b875e,static_inventory_only; representative evidence in review; not individual E2E pass
blockid.au,page,/docs/api/institutional,public_content_other,web/src/app/(marketing)/docs/api/institutional/page.tsx,c2e1470662804f1caeafe30439baef91940b875e,static_inventory_only; representative evidence in review; not individual E2E pass
blockid.au,page,/docs/unlocks,public_content_other,web/src/app/(marketing)/docs/unlocks/page.tsx,c2e1470662804f1caeafe30439baef91940b875e,static_inventory_only; representative evidence in review; not individual E2E pass
blockid.au,page,/features,public_content_other,web/src/app/(marketing)/features/page.tsx,c2e1470662804f1caeafe30439baef91940b875e,static_inventory_only; representative evidence in review; not individual E2E pass
blockid.au,page,/funding/grants/[id],founder_growth_tools,web/src/app/(marketing)/funding/grants/[id]/page.tsx,c2e1470662804f1caeafe30439baef91940b875e,static_inventory_only; representative evidence in review; not individual E2E pass
blockid.au,page,/funding/grants,founder_growth_tools,web/src/app/(marketing)/funding/grants/page.tsx,c2e1470662804f1caeafe30439baef91940b875e,static_inventory_only; representative evidence in review; not individual E2E pass
blockid.au,page,/funding/grants/state/[state],founder_growth_tools,web/src/app/(marketing)/funding/grants/state/[state]/page.tsx,c2e1470662804f1caeafe30439baef91940b875e,static_inventory_only; representative evidence in review; not individual E2E pass
blockid.au,page,/funding/grants/view,founder_growth_tools,web/src/app/(marketing)/funding/grants/view/page.tsx,c2e1470662804f1caeafe30439baef91940b875e,static_inventory_only; representative evidence in review; not individual E2E pass
blockid.au,page,/funding,founder_growth_tools,web/src/app/(marketing)/funding/page.tsx,c2e1470662804f1caeafe30439baef91940b875e,static_inventory_only; representative evidence in review; not individual E2E pass
blockid.au,page,/funding/programs/[capital]/[id],investor_programs,web/src/app/(marketing)/funding/programs/[capital]/[id]/page.tsx,c2e1470662804f1caeafe30439baef91940b875e,static_inventory_only; representative evidence in review; not individual E2E pass
blockid.au,page,/funding/programs/[capital],investor_programs,web/src/app/(marketing)/funding/programs/[capital]/page.tsx,c2e1470662804f1caeafe30439baef91940b875e,static_inventory_only; representative evidence in review; not individual E2E pass
blockid.au,page,/funding/programs,investor_programs,web/src/app/(marketing)/funding/programs/page.tsx,c2e1470662804f1caeafe30439baef91940b875e,static_inventory_only; representative evidence in review; not individual E2E pass
blockid.au,page,/funding/report/[id],reports_research_svi,web/src/app/(marketing)/funding/report/[id]/page.tsx,c2e1470662804f1caeafe30439baef91940b875e,static_inventory_only; representative evidence in review; not individual E2E pass
blockid.au,page,/funding/report/demo,reports_research_svi,web/src/app/(marketing)/funding/report/demo/page.tsx,c2e1470662804f1caeafe30439baef91940b875e,static_inventory_only; representative evidence in review; not individual E2E pass
blockid.au,page,/how-it-works,public_content_other,web/src/app/(marketing)/how-it-works/page.tsx,c2e1470662804f1caeafe30439baef91940b875e,static_inventory_only; representative evidence in review; not individual E2E pass
blockid.au,page,/insights/[slug],public_content_other,web/src/app/(marketing)/insights/[slug]/page.tsx,c2e1470662804f1caeafe30439baef91940b875e,static_inventory_only; representative evidence in review; not individual E2E pass
blockid.au,page,/insights,public_content_other,web/src/app/(marketing)/insights/page.tsx,c2e1470662804f1caeafe30439baef91940b875e,static_inventory_only; representative evidence in review; not individual E2E pass
blockid.au,page,/legal/[doc],equity_finance_legal,web/src/app/(marketing)/legal/[doc]/page.tsx,c2e1470662804f1caeafe30439baef91940b875e,static_inventory_only; representative evidence in review; not individual E2E pass
blockid.au,page,/legal/acceptable-use,equity_finance_legal,web/src/app/(marketing)/legal/acceptable-use/page.tsx,c2e1470662804f1caeafe30439baef91940b875e,static_inventory_only; representative evidence in review; not individual E2E pass
blockid.au,page,/legal,equity_finance_legal,web/src/app/(marketing)/legal/page.tsx,c2e1470662804f1caeafe30439baef91940b875e,static_inventory_only; representative evidence in review; not individual E2E pass
blockid.au,page,/methodology/calibration,public_content_other,web/src/app/(marketing)/methodology/calibration/page.tsx,c2e1470662804f1caeafe30439baef91940b875e,static_inventory_only; representative evidence in review; not individual E2E pass
blockid.au,page,/methodology/governance,public_content_other,web/src/app/(marketing)/methodology/governance/page.tsx,c2e1470662804f1caeafe30439baef91940b875e,static_inventory_only; representative evidence in review; not individual E2E pass
blockid.au,page,/methodology,public_content_other,web/src/app/(marketing)/methodology/page.tsx,c2e1470662804f1caeafe30439baef91940b875e,static_inventory_only; representative evidence in review; not individual E2E pass
blockid.au,page,/methodology/versions,public_content_other,web/src/app/(marketing)/methodology/versions/page.tsx,c2e1470662804f1caeafe30439baef91940b875e,static_inventory_only; representative evidence in review; not individual E2E pass
blockid.au,page,/one-click-report,reports_research_svi,web/src/app/(marketing)/one-click-report/page.tsx,c2e1470662804f1caeafe30439baef91940b875e,static_inventory_only; representative evidence in review; not individual E2E pass
blockid.au,page,/one-click-report/success,reports_research_svi,web/src/app/(marketing)/one-click-report/success/page.tsx,c2e1470662804f1caeafe30439baef91940b875e,static_inventory_only; representative evidence in review; not individual E2E pass
blockid.au,page,/,public_content_other,web/src/app/(marketing)/page.tsx,c2e1470662804f1caeafe30439baef91940b875e,static_inventory_only; representative evidence in review; not individual E2E pass
blockid.au,page,/pricing,billing_credits,web/src/app/(marketing)/pricing/page.tsx,c2e1470662804f1caeafe30439baef91940b875e,static_inventory_only; representative evidence in review; not individual E2E pass
blockid.au,page,/product,public_content_other,web/src/app/(marketing)/product/page.tsx,c2e1470662804f1caeafe30439baef91940b875e,static_inventory_only; representative evidence in review; not individual E2E pass
blockid.au,page,/roadmap,public_content_other,web/src/app/(marketing)/roadmap/page.tsx,c2e1470662804f1caeafe30439baef91940b875e,static_inventory_only; representative evidence in review; not individual E2E pass
blockid.au,page,/samples,public_content_other,web/src/app/(marketing)/samples/page.tsx,c2e1470662804f1caeafe30439baef91940b875e,static_inventory_only; representative evidence in review; not individual E2E pass
blockid.au,page,/solutions/accelerator,investor_programs,web/src/app/(marketing)/solutions/accelerator/page.tsx,c2e1470662804f1caeafe30439baef91940b875e,static_inventory_only; representative evidence in review; not individual E2E pass
blockid.au,page,/solutions/advisor,investor_programs,web/src/app/(marketing)/solutions/advisor/page.tsx,c2e1470662804f1caeafe30439baef91940b875e,static_inventory_only; representative evidence in review; not individual E2E pass
blockid.au,page,/solutions/founder,public_content_other,web/src/app/(marketing)/solutions/founder/page.tsx,c2e1470662804f1caeafe30439baef91940b875e,static_inventory_only; representative evidence in review; not individual E2E pass
blockid.au,page,/solutions/investor,investor_programs,web/src/app/(marketing)/solutions/investor/page.tsx,c2e1470662804f1caeafe30439baef91940b875e,static_inventory_only; representative evidence in review; not individual E2E pass
blockid.au,page,/solutions,public_content_other,web/src/app/(marketing)/solutions/page.tsx,c2e1470662804f1caeafe30439baef91940b875e,static_inventory_only; representative evidence in review; not individual E2E pass
blockid.au,page,/solutions/vn-sme,public_content_other,web/src/app/(marketing)/solutions/vn-sme/page.tsx,c2e1470662804f1caeafe30439baef91940b875e,static_inventory_only; representative evidence in review; not individual E2E pass
blockid.au,page,/team/[agent],public_content_other,web/src/app/(marketing)/team/[agent]/page.tsx,c2e1470662804f1caeafe30439baef91940b875e,static_inventory_only; representative evidence in review; not individual E2E pass
blockid.au,page,/team,public_content_other,web/src/app/(marketing)/team/page.tsx,c2e1470662804f1caeafe30439baef91940b875e,static_inventory_only; representative evidence in review; not individual E2E pass
blockid.au,page,/tokenize,equity_finance_legal,web/src/app/(marketing)/tokenize/page.tsx,c2e1470662804f1caeafe30439baef91940b875e,static_inventory_only; representative evidence in review; not individual E2E pass
blockid.au,api_or_handler,/.well-known/did.json,public_content_other,web/src/app/.well-known/did.json/route.ts,c2e1470662804f1caeafe30439baef91940b875e,static_inventory_only; representative evidence in review; not individual E2E pass
blockid.au,page,/analyze/[id],reports_research_svi,web/src/app/analyze/[id]/page.tsx,c2e1470662804f1caeafe30439baef91940b875e,static_inventory_only; representative evidence in review; not individual E2E pass
blockid.au,page,/analyze,reports_research_svi,web/src/app/analyze/page.tsx,c2e1470662804f1caeafe30439baef91940b875e,static_inventory_only; representative evidence in review; not individual E2E pass
blockid.au,api_or_handler,/api/ab/pricing-expose,billing_credits,web/src/app/api/ab/pricing-expose/route.ts,c2e1470662804f1caeafe30439baef91940b875e,static_inventory_only; representative evidence in review; not individual E2E pass
blockid.au,api_or_handler,/api/abr/lookup,public_content_other,web/src/app/api/abr/lookup/route.ts,c2e1470662804f1caeafe30439baef91940b875e,static_inventory_only; representative evidence in review; not individual E2E pass
blockid.au,api_or_handler,/api/abs/lookup,public_content_other,web/src/app/api/abs/lookup/route.ts,c2e1470662804f1caeafe30439baef91940b875e,static_inventory_only; representative evidence in review; not individual E2E pass
blockid.au,api_or_handler,/api/accelerator/cohort,investor_programs,web/src/app/api/accelerator/cohort/route.ts,c2e1470662804f1caeafe30439baef91940b875e,static_inventory_only; representative evidence in review; not individual E2E pass
blockid.au,api_or_handler,/api/accelerator/onboarding/metrics,identity_projects,web/src/app/api/accelerator/onboarding/metrics/route.ts,c2e1470662804f1caeafe30439baef91940b875e,static_inventory_only; representative evidence in review; not individual E2E pass
blockid.au,api_or_handler,/api/account/delete/cancel,identity_projects,web/src/app/api/account/delete/cancel/route.ts,c2e1470662804f1caeafe30439baef91940b875e,static_inventory_only; representative evidence in review; not individual E2E pass
blockid.au,api_or_handler,/api/account/delete,identity_projects,web/src/app/api/account/delete/route.ts,c2e1470662804f1caeafe30439baef91940b875e,static_inventory_only; representative evidence in review; not individual E2E pass
blockid.au,api_or_handler,/api/account/notify-prefs,identity_projects,web/src/app/api/account/notify-prefs/route.ts,c2e1470662804f1caeafe30439baef91940b875e,static_inventory_only; representative evidence in review; not individual E2E pass
blockid.au,api_or_handler,/api/actions,public_content_other,web/src/app/api/actions/route.ts,c2e1470662804f1caeafe30439baef91940b875e,static_inventory_only; representative evidence in review; not individual E2E pass
blockid.au,api_or_handler,/api/admin/accelerator/[id],admin_operations,web/src/app/api/admin/accelerator/[id]/route.ts,c2e1470662804f1caeafe30439baef91940b875e,static_inventory_only; representative evidence in review; not individual E2E pass
blockid.au,api_or_handler,/api/admin/accelerator,admin_operations,web/src/app/api/admin/accelerator/route.ts,c2e1470662804f1caeafe30439baef91940b875e,static_inventory_only; representative evidence in review; not individual E2E pass
blockid.au,api_or_handler,/api/admin/account/erase,admin_operations,web/src/app/api/admin/account/erase/route.ts,c2e1470662804f1caeafe30439baef91940b875e,static_inventory_only; representative evidence in review; not individual E2E pass
blockid.au,api_or_handler,/api/admin/affiliate/[resellerId]/attributions,admin_operations,web/src/app/api/admin/affiliate/[resellerId]/attributions/route.ts,c2e1470662804f1caeafe30439baef91940b875e,static_inventory_only; representative evidence in review; not individual E2E pass
blockid.au,api_or_handler,/api/admin/affiliate/attributions/[attributionId]/revoke,admin_operations,web/src/app/api/admin/affiliate/attributions/[attributionId]/revoke/route.ts,c2e1470662804f1caeafe30439baef91940b875e,static_inventory_only; representative evidence in review; not individual E2E pass
blockid.au,api_or_handler,/api/admin/affiliate/provision,admin_operations,web/src/app/api/admin/affiliate/provision/route.ts,c2e1470662804f1caeafe30439baef91940b875e,static_inventory_only; representative evidence in review; not individual E2E pass
blockid.au,api_or_handler,/api/admin/ai-health/trigger,admin_operations,web/src/app/api/admin/ai-health/trigger/route.ts,c2e1470662804f1caeafe30439baef91940b875e,static_inventory_only; representative evidence in review; not individual E2E pass
blockid.au,api_or_handler,/api/admin/ai-keys,admin_operations,web/src/app/api/admin/ai-keys/route.ts,c2e1470662804f1caeafe30439baef91940b875e,static_inventory_only; representative evidence in review; not individual E2E pass
blockid.au,api_or_handler,/api/admin/ai-status,admin_operations,web/src/app/api/admin/ai-status/route.ts,c2e1470662804f1caeafe30439baef91940b875e,static_inventory_only; representative evidence in review; not individual E2E pass
blockid.au,api_or_handler,/api/admin/comparables/[id],admin_operations,web/src/app/api/admin/comparables/[id]/route.ts,c2e1470662804f1caeafe30439baef91940b875e,static_inventory_only; representative evidence in review; not individual E2E pass
blockid.au,api_or_handler,/api/admin/comparables,admin_operations,web/src/app/api/admin/comparables/route.ts,c2e1470662804f1caeafe30439baef91940b875e,static_inventory_only; representative evidence in review; not individual E2E pass
blockid.au,api_or_handler,/api/admin/corrections/[id],admin_operations,web/src/app/api/admin/corrections/[id]/route.ts,c2e1470662804f1caeafe30439baef91940b875e,static_inventory_only; representative evidence in review; not individual E2E pass
blockid.au,api_or_handler,/api/admin/credits,admin_operations,web/src/app/api/admin/credits/route.ts,c2e1470662804f1caeafe30439baef91940b875e,static_inventory_only; representative evidence in review; not individual E2E pass
blockid.au,api_or_handler,/api/admin/drive/upload,admin_operations,web/src/app/api/admin/drive/upload/route.ts,c2e1470662804f1caeafe30439baef91940b875e,static_inventory_only; representative evidence in review; not individual E2E pass
blockid.au,api_or_handler,/api/admin/evidence/[id]/review,admin_operations,web/src/app/api/admin/evidence/[id]/review/route.ts,c2e1470662804f1caeafe30439baef91940b875e,static_inventory_only; representative evidence in review; not individual E2E pass
blockid.au,api_or_handler,/api/admin/financial-health,admin_operations,web/src/app/api/admin/financial-health/route.ts,c2e1470662804f1caeafe30439baef91940b875e,static_inventory_only; representative evidence in review; not individual E2E pass
blockid.au,api_or_handler,/api/admin/funding/[kind]/[id],admin_operations,web/src/app/api/admin/funding/[kind]/[id]/route.ts,c2e1470662804f1caeafe30439baef91940b875e,static_inventory_only; representative evidence in review; not individual E2E pass
blockid.au,api_or_handler,/api/admin/ga4/register-dimensions,admin_operations,web/src/app/api/admin/ga4/register-dimensions/route.ts,c2e1470662804f1caeafe30439baef91940b875e,static_inventory_only; representative evidence in review; not individual E2E pass
blockid.au,api_or_handler,/api/admin/ga4-refresh,admin_operations,web/src/app/api/admin/ga4-refresh/route.ts,c2e1470662804f1caeafe30439baef91940b875e,static_inventory_only; representative evidence in review; not individual E2E pass
blockid.au,api_or_handler,/api/admin/ga4-report,admin_operations,web/src/app/api/admin/ga4-report/route.ts,c2e1470662804f1caeafe30439baef91940b875e,static_inventory_only; representative evidence in review; not individual E2E pass
blockid.au,api_or_handler,/api/admin/goals,admin_operations,web/src/app/api/admin/goals/route.ts,c2e1470662804f1caeafe30439baef91940b875e,static_inventory_only; representative evidence in review; not individual E2E pass
blockid.au,api_or_handler,/api/admin/investor-verify,admin_operations,web/src/app/api/admin/investor-verify/route.ts,c2e1470662804f1caeafe30439baef91940b875e,static_inventory_only; representative evidence in review; not individual E2E pass
blockid.au,api_or_handler,/api/admin/leads,admin_operations,web/src/app/api/admin/leads/route.ts,c2e1470662804f1caeafe30439baef91940b875e,static_inventory_only; representative evidence in review; not individual E2E pass
blockid.au,api_or_handler,/api/admin/marketing-health,admin_operations,web/src/app/api/admin/marketing-health/route.ts,c2e1470662804f1caeafe30439baef91940b875e,static_inventory_only; representative evidence in review; not individual E2E pass
blockid.au,api_or_handler,/api/admin/ops,admin_operations,web/src/app/api/admin/ops/route.ts,c2e1470662804f1caeafe30439baef91940b875e,static_inventory_only; representative evidence in review; not individual E2E pass
blockid.au,api_or_handler,/api/admin/pilots/[id],admin_operations,web/src/app/api/admin/pilots/[id]/route.ts,c2e1470662804f1caeafe30439baef91940b875e,static_inventory_only; representative evidence in review; not individual E2E pass
blockid.au,api_or_handler,/api/admin/pilots,admin_operations,web/src/app/api/admin/pilots/route.ts,c2e1470662804f1caeafe30439baef91940b875e,static_inventory_only; representative evidence in review; not individual E2E pass
blockid.au,api_or_handler,/api/admin/platform-config,admin_operations,web/src/app/api/admin/platform-config/route.ts,c2e1470662804f1caeafe30439baef91940b875e,static_inventory_only; representative evidence in review; not individual E2E pass
blockid.au,api_or_handler,/api/admin/pricing-test,admin_operations,web/src/app/api/admin/pricing-test/route.ts,c2e1470662804f1caeafe30439baef91940b875e,static_inventory_only; representative evidence in review; not individual E2E pass
blockid.au,api_or_handler,/api/admin/rate-limits,admin_operations,web/src/app/api/admin/rate-limits/route.ts,c2e1470662804f1caeafe30439baef91940b875e,static_inventory_only; representative evidence in review; not individual E2E pass
blockid.au,api_or_handler,/api/admin/resellers/[code],admin_operations,web/src/app/api/admin/resellers/[code]/route.ts,c2e1470662804f1caeafe30439baef91940b875e,static_inventory_only; representative evidence in review; not individual E2E pass
blockid.au,api_or_handler,/api/admin/resellers/requests/[id],admin_operations,web/src/app/api/admin/resellers/requests/[id]/route.ts,c2e1470662804f1caeafe30439baef91940b875e,static_inventory_only; representative evidence in review; not individual E2E pass
blockid.au,api_or_handler,/api/admin/resellers/requests,admin_operations,web/src/app/api/admin/resellers/requests/route.ts,c2e1470662804f1caeafe30439baef91940b875e,static_inventory_only; representative evidence in review; not individual E2E pass
blockid.au,api_or_handler,/api/admin/resellers,admin_operations,web/src/app/api/admin/resellers/route.ts,c2e1470662804f1caeafe30439baef91940b875e,static_inventory_only; representative evidence in review; not individual E2E pass
blockid.au,api_or_handler,/api/admin/rnd,admin_operations,web/src/app/api/admin/rnd/route.ts,c2e1470662804f1caeafe30439baef91940b875e,static_inventory_only; representative evidence in review; not individual E2E pass
blockid.au,api_or_handler,/api/admin/rollback,admin_operations,web/src/app/api/admin/rollback/route.ts,c2e1470662804f1caeafe30439baef91940b875e,static_inventory_only; representative evidence in review; not individual E2E pass
blockid.au,api_or_handler,/api/admin/sector-multiples/[id]/approve,admin_operations,web/src/app/api/admin/sector-multiples/[id]/approve/route.ts,c2e1470662804f1caeafe30439baef91940b875e,static_inventory_only; representative evidence in review; not individual E2E pass
blockid.au,api_or_handler,/api/admin/sector-multiples/[id]/reject,admin_operations,web/src/app/api/admin/sector-multiples/[id]/reject/route.ts,c2e1470662804f1caeafe30439baef91940b875e,static_inventory_only; representative evidence in review; not individual E2E pass
blockid.au,api_or_handler,/api/admin/sector-multiples,admin_operations,web/src/app/api/admin/sector-multiples/route.ts,c2e1470662804f1caeafe30439baef91940b875e,static_inventory_only; representative evidence in review; not individual E2E pass
blockid.au,api_or_handler,/api/admin/stripe-sync,admin_operations,web/src/app/api/admin/stripe-sync/route.ts,c2e1470662804f1caeafe30439baef91940b875e,static_inventory_only; representative evidence in review; not individual E2E pass
blockid.au,api_or_handler,/api/admin/uptime-guardian,admin_operations,web/src/app/api/admin/uptime-guardian/route.ts,c2e1470662804f1caeafe30439baef91940b875e,static_inventory_only; representative evidence in review; not individual E2E pass
blockid.au,api_or_handler,/api/admin/users/[id]/credits,admin_operations,web/src/app/api/admin/users/[id]/credits/route.ts,c2e1470662804f1caeafe30439baef91940b875e,static_inventory_only; representative evidence in review; not individual E2E pass
blockid.au,api_or_handler,/api/admin/users/[id]/permissions,admin_operations,web/src/app/api/admin/users/[id]/permissions/route.ts,c2e1470662804f1caeafe30439baef91940b875e,static_inventory_only; representative evidence in review; not individual E2E pass
blockid.au,api_or_handler,/api/admin/users/[id]/plan,admin_operations,web/src/app/api/admin/users/[id]/plan/route.ts,c2e1470662804f1caeafe30439baef91940b875e,static_inventory_only; representative evidence in review; not individual E2E pass
blockid.au,api_or_handler,/api/admin/users/[id]/role,admin_operations,web/src/app/api/admin/users/[id]/role/route.ts,c2e1470662804f1caeafe30439baef91940b875e,static_inventory_only; representative evidence in review; not individual E2E pass
blockid.au,api_or_handler,/api/admin/users/[id],admin_operations,web/src/app/api/admin/users/[id]/route.ts,c2e1470662804f1caeafe30439baef91940b875e,static_inventory_only; representative evidence in review; not individual E2E pass
blockid.au,api_or_handler,/api/admin/users/create,admin_operations,web/src/app/api/admin/users/create/route.ts,c2e1470662804f1caeafe30439baef91940b875e,static_inventory_only; representative evidence in review; not individual E2E pass
blockid.au,api_or_handler,/api/admin/users/manage,admin_operations,web/src/app/api/admin/users/manage/route.ts,c2e1470662804f1caeafe30439baef91940b875e,static_inventory_only; representative evidence in review; not individual E2E pass
blockid.au,api_or_handler,/api/admin/users,admin_operations,web/src/app/api/admin/users/route.ts,c2e1470662804f1caeafe30439baef91940b875e,static_inventory_only; representative evidence in review; not individual E2E pass
blockid.au,api_or_handler,/api/admin/validation/[id]/proposal,admin_operations,web/src/app/api/admin/validation/[id]/proposal/route.ts,c2e1470662804f1caeafe30439baef91940b875e,static_inventory_only; representative evidence in review; not individual E2E pass
blockid.au,api_or_handler,/api/admin/validation,admin_operations,web/src/app/api/admin/validation/route.ts,c2e1470662804f1caeafe30439baef91940b875e,static_inventory_only; representative evidence in review; not individual E2E pass
blockid.au,api_or_handler,/api/advisor/clients,investor_programs,web/src/app/api/advisor/clients/route.ts,c2e1470662804f1caeafe30439baef91940b875e,static_inventory_only; representative evidence in review; not individual E2E pass
blockid.au,api_or_handler,/api/advisor/invite,investor_programs,web/src/app/api/advisor/invite/route.ts,c2e1470662804f1caeafe30439baef91940b875e,static_inventory_only; representative evidence in review; not individual E2E pass
blockid.au,api_or_handler,/api/advisor/notes,investor_programs,web/src/app/api/advisor/notes/route.ts,c2e1470662804f1caeafe30439baef91940b875e,static_inventory_only; representative evidence in review; not individual E2E pass
blockid.au,api_or_handler,/api/ai/action-plan,public_content_other,web/src/app/api/ai/action-plan/route.ts,c2e1470662804f1caeafe30439baef91940b875e,static_inventory_only; representative evidence in review; not individual E2E pass
blockid.au,api_or_handler,/api/ai/equity-split,equity_finance_legal,web/src/app/api/ai/equity-split/route.ts,c2e1470662804f1caeafe30439baef91940b875e,static_inventory_only; representative evidence in review; not individual E2E pass
blockid.au,api_or_handler,/api/ai/esop,equity_finance_legal,web/src/app/api/ai/esop/route.ts,c2e1470662804f1caeafe30439baef91940b875e,static_inventory_only; representative evidence in review; not individual E2E pass
blockid.au,api_or_handler,/api/ai/registry,public_content_other,web/src/app/api/ai/registry/route.ts,c2e1470662804f1caeafe30439baef91940b875e,static_inventory_only; representative evidence in review; not individual E2E pass
blockid.au,api_or_handler,/api/ai/share-structure,public_content_other,web/src/app/api/ai/share-structure/route.ts,c2e1470662804f1caeafe30439baef91940b875e,static_inventory_only; representative evidence in review; not individual E2E pass
blockid.au,api_or_handler,/api/ai/vesting,equity_finance_legal,web/src/app/api/ai/vesting/route.ts,c2e1470662804f1caeafe30439baef91940b875e,static_inventory_only; representative evidence in review; not individual E2E pass
blockid.au,api_or_handler,/api/ai/vesting-review,equity_finance_legal,web/src/app/api/ai/vesting-review/route.ts,c2e1470662804f1caeafe30439baef91940b875e,static_inventory_only; representative evidence in review; not individual E2E pass
blockid.au,api_or_handler,/api/analyses/[id]/free-summary,reports_research_svi,web/src/app/api/analyses/[id]/free-summary/route.ts,c2e1470662804f1caeafe30439baef91940b875e,static_inventory_only; representative evidence in review; not individual E2E pass
blockid.au,api_or_handler,/api/analyses/[id]/full-report/resend,reports_research_svi,web/src/app/api/analyses/[id]/full-report/resend/route.ts,c2e1470662804f1caeafe30439baef91940b875e,static_inventory_only; representative evidence in review; not individual E2E pass
blockid.au,api_or_handler,/api/analyses/[id]/full-report,reports_research_svi,web/src/app/api/analyses/[id]/full-report/route.ts,c2e1470662804f1caeafe30439baef91940b875e,static_inventory_only; representative evidence in review; not individual E2E pass
blockid.au,api_or_handler,/api/analyses/[id]/publish,reports_research_svi,web/src/app/api/analyses/[id]/publish/route.ts,c2e1470662804f1caeafe30439baef91940b875e,static_inventory_only; representative evidence in review; not individual E2E pass
blockid.au,api_or_handler,/api/analyses/[id]/report.pdf,reports_research_svi,web/src/app/api/analyses/[id]/report.pdf/route.ts,c2e1470662804f1caeafe30439baef91940b875e,static_inventory_only; representative evidence in review; not individual E2E pass
blockid.au,api_or_handler,/api/analyses/[id]/research-access,reports_research_svi,web/src/app/api/analyses/[id]/research-access/route.ts,c2e1470662804f1caeafe30439baef91940b875e,static_inventory_only; representative evidence in review; not individual E2E pass
blockid.au,api_or_handler,/api/analyses/[id],reports_research_svi,web/src/app/api/analyses/[id]/route.ts,c2e1470662804f1caeafe30439baef91940b875e,static_inventory_only; representative evidence in review; not individual E2E pass
blockid.au,api_or_handler,/api/analyses,reports_research_svi,web/src/app/api/analyses/route.ts,c2e1470662804f1caeafe30439baef91940b875e,static_inventory_only; representative evidence in review; not individual E2E pass
blockid.au,api_or_handler,/api/analytics/event,reports_research_svi,web/src/app/api/analytics/event/route.ts,c2e1470662804f1caeafe30439baef91940b875e,static_inventory_only; representative evidence in review; not individual E2E pass
blockid.au,api_or_handler,/api/analytics/ingest,reports_research_svi,web/src/app/api/analytics/ingest/route.ts,c2e1470662804f1caeafe30439baef91940b875e,static_inventory_only; representative evidence in review; not individual E2E pass
blockid.au,api_or_handler,/api/analyzer/run,reports_research_svi,web/src/app/api/analyzer/run/route.ts,c2e1470662804f1caeafe30439baef91940b875e,static_inventory_only; representative evidence in review; not individual E2E pass
blockid.au,api_or_handler,/api/asic/extract,public_content_other,web/src/app/api/asic/extract/route.ts,c2e1470662804f1caeafe30439baef91940b875e,static_inventory_only; representative evidence in review; not individual E2E pass
blockid.au,api_or_handler,/api/audit-log/export,public_content_other,web/src/app/api/audit-log/export/route.ts,c2e1470662804f1caeafe30439baef91940b875e,static_inventory_only; representative evidence in review; not individual E2E pass
blockid.au,api_or_handler,/api/auth/github/callback,identity_projects,web/src/app/api/auth/github/callback/route.ts,c2e1470662804f1caeafe30439baef91940b875e,static_inventory_only; representative evidence in review; not individual E2E pass
blockid.au,api_or_handler,/api/auth/github,identity_projects,web/src/app/api/auth/github/route.ts,c2e1470662804f1caeafe30439baef91940b875e,static_inventory_only; representative evidence in review; not individual E2E pass
blockid.au,api_or_handler,/api/auth/google/callback,identity_projects,web/src/app/api/auth/google/callback/route.ts,c2e1470662804f1caeafe30439baef91940b875e,static_inventory_only; representative evidence in review; not individual E2E pass
blockid.au,api_or_handler,/api/auth/google,identity_projects,web/src/app/api/auth/google/route.ts,c2e1470662804f1caeafe30439baef91940b875e,static_inventory_only; representative evidence in review; not individual E2E pass
blockid.au,api_or_handler,/api/auth/google/start,identity_projects,web/src/app/api/auth/google/start/route.ts,c2e1470662804f1caeafe30439baef91940b875e,static_inventory_only; representative evidence in review; not individual E2E pass
blockid.au,api_or_handler,/api/auth/login-password,identity_projects,web/src/app/api/auth/login-password/route.ts,c2e1470662804f1caeafe30439baef91940b875e,static_inventory_only; representative evidence in review; not individual E2E pass
blockid.au,api_or_handler,/api/auth/logout,identity_projects,web/src/app/api/auth/logout/route.ts,c2e1470662804f1caeafe30439baef91940b875e,static_inventory_only; representative evidence in review; not individual E2E pass
blockid.au,api_or_handler,/api/auth/me,identity_projects,web/src/app/api/auth/me/route.ts,c2e1470662804f1caeafe30439baef91940b875e,static_inventory_only; representative evidence in review; not individual E2E pass
blockid.au,api_or_handler,/api/auth/register,identity_projects,web/src/app/api/auth/register/route.ts,c2e1470662804f1caeafe30439baef91940b875e,static_inventory_only; representative evidence in review; not individual E2E pass
blockid.au,api_or_handler,/api/auth/register-with-card,identity_projects,web/src/app/api/auth/register-with-card/route.ts,c2e1470662804f1caeafe30439baef91940b875e,static_inventory_only; representative evidence in review; not individual E2E pass
blockid.au,api_or_handler,/api/auth/request,identity_projects,web/src/app/api/auth/request/route.ts,c2e1470662804f1caeafe30439baef91940b875e,static_inventory_only; representative evidence in review; not individual E2E pass
blockid.au,api_or_handler,/api/auth/reset-password/confirm,identity_projects,web/src/app/api/auth/reset-password/confirm/route.ts,c2e1470662804f1caeafe30439baef91940b875e,static_inventory_only; representative evidence in review; not individual E2E pass
blockid.au,api_or_handler,/api/auth/reset-password,identity_projects,web/src/app/api/auth/reset-password/route.ts,c2e1470662804f1caeafe30439baef91940b875e,static_inventory_only; representative evidence in review; not individual E2E pass
blockid.au,api_or_handler,/api/auth/set-password,identity_projects,web/src/app/api/auth/set-password/route.ts,c2e1470662804f1caeafe30439baef91940b875e,static_inventory_only; representative evidence in review; not individual E2E pass
blockid.au,api_or_handler,/api/auth/stripe/connect,billing_credits,web/src/app/api/auth/stripe/connect/route.ts,c2e1470662804f1caeafe30439baef91940b875e,static_inventory_only; representative evidence in review; not individual E2E pass
blockid.au,api_or_handler,/api/auth/svi-handoff,reports_research_svi,web/src/app/api/auth/svi-handoff/route.ts,c2e1470662804f1caeafe30439baef91940b875e,static_inventory_only; representative evidence in review; not individual E2E pass
blockid.au,api_or_handler,/api/badges,public_content_other,web/src/app/api/badges/route.ts,c2e1470662804f1caeafe30439baef91940b875e,static_inventory_only; representative evidence in review; not individual E2E pass
blockid.au,api_or_handler,/api/benchmarks,public_content_other,web/src/app/api/benchmarks/route.ts,c2e1470662804f1caeafe30439baef91940b875e,static_inventory_only; representative evidence in review; not individual E2E pass
blockid.au,api_or_handler,/api/billing/cancel-trial,billing_credits,web/src/app/api/billing/cancel-trial/route.ts,c2e1470662804f1caeafe30439baef91940b875e,static_inventory_only; representative evidence in review; not individual E2E pass
blockid.au,api_or_handler,/api/blockchain/create-token,equity_finance_legal,web/src/app/api/blockchain/create-token/route.ts,c2e1470662804f1caeafe30439baef91940b875e,static_inventory_only; representative evidence in review; not individual E2E pass
blockid.au,api_or_handler,/api/blockchain/sync-status,public_content_other,web/src/app/api/blockchain/sync-status/route.ts,c2e1470662804f1caeafe30439baef91940b875e,static_inventory_only; representative evidence in review; not individual E2E pass
blockid.au,api_or_handler,/api/blockchain/sync-toggle,public_content_other,web/src/app/api/blockchain/sync-toggle/route.ts,c2e1470662804f1caeafe30439baef91940b875e,static_inventory_only; representative evidence in review; not individual E2E pass
blockid.au,api_or_handler,/api/blockchain/token,equity_finance_legal,web/src/app/api/blockchain/token/route.ts,c2e1470662804f1caeafe30439baef91940b875e,static_inventory_only; representative evidence in review; not individual E2E pass
blockid.au,api_or_handler,/api/blockchain/verify,public_content_other,web/src/app/api/blockchain/verify/route.ts,c2e1470662804f1caeafe30439baef91940b875e,static_inventory_only; representative evidence in review; not individual E2E pass
blockid.au,api_or_handler,/api/board-resolutions/[kind]/[recordId]/data-room,public_content_other,web/src/app/api/board-resolutions/[kind]/[recordId]/data-room/route.ts,c2e1470662804f1caeafe30439baef91940b875e,static_inventory_only; representative evidence in review; not individual E2E pass
blockid.au,api_or_handler,/api/board-resolutions/[kind]/[recordId]/pdf,public_content_other,web/src/app/api/board-resolutions/[kind]/[recordId]/pdf/route.ts,c2e1470662804f1caeafe30439baef91940b875e,static_inventory_only; representative evidence in review; not individual E2E pass
blockid.au,api_or_handler,/api/board-resolutions/[kind]/[recordId],public_content_other,web/src/app/api/board-resolutions/[kind]/[recordId]/route.ts,c2e1470662804f1caeafe30439baef91940b875e,static_inventory_only; representative evidence in review; not individual E2E pass
blockid.au,api_or_handler,/api/branding,public_content_other,web/src/app/api/branding/route.ts,c2e1470662804f1caeafe30439baef91940b875e,static_inventory_only; representative evidence in review; not individual E2E pass
blockid.au,api_or_handler,/api/cap-table/chain-reconcile,equity_finance_legal,web/src/app/api/cap-table/chain-reconcile/route.ts,c2e1470662804f1caeafe30439baef91940b875e,static_inventory_only; representative evidence in review; not individual E2E pass
blockid.au,api_or_handler,/api/cap-table/documents,equity_finance_legal,web/src/app/api/cap-table/documents/route.ts,c2e1470662804f1caeafe30439baef91940b875e,static_inventory_only; representative evidence in review; not individual E2E pass
blockid.au,api_or_handler,/api/cap-table/health,equity_finance_legal,web/src/app/api/cap-table/health/route.ts,c2e1470662804f1caeafe30439baef91940b875e,static_inventory_only; representative evidence in review; not individual E2E pass
blockid.au,api_or_handler,/api/cap-table/issues,equity_finance_legal,web/src/app/api/cap-table/issues/route.ts,c2e1470662804f1caeafe30439baef91940b875e,static_inventory_only; representative evidence in review; not individual E2E pass
blockid.au,api_or_handler,/api/cap-table/restrictions,equity_finance_legal,web/src/app/api/cap-table/restrictions/route.ts,c2e1470662804f1caeafe30439baef91940b875e,static_inventory_only; representative evidence in review; not individual E2E pass
blockid.au,api_or_handler,/api/cap-table,equity_finance_legal,web/src/app/api/cap-table/route.ts,c2e1470662804f1caeafe30439baef91940b875e,static_inventory_only; representative evidence in review; not individual E2E pass
blockid.au,api_or_handler,/api/cap-table/sync,equity_finance_legal,web/src/app/api/cap-table/sync/route.ts,c2e1470662804f1caeafe30439baef91940b875e,static_inventory_only; representative evidence in review; not individual E2E pass
blockid.au,api_or_handler,/api/ccso/capture,public_content_other,web/src/app/api/ccso/capture/route.ts,c2e1470662804f1caeafe30439baef91940b875e,static_inventory_only; representative evidence in review; not individual E2E pass
blockid.au,api_or_handler,/api/cfo-advisor/commentary,investor_programs,web/src/app/api/cfo-advisor/commentary/route.ts,c2e1470662804f1caeafe30439baef91940b875e,static_inventory_only; representative evidence in review; not individual E2E pass
blockid.au,api_or_handler,/api/cfo-advisor,investor_programs,web/src/app/api/cfo-advisor/route.ts,c2e1470662804f1caeafe30439baef91940b875e,static_inventory_only; representative evidence in review; not individual E2E pass
blockid.au,api_or_handler,/api/claims/[id],public_content_other,web/src/app/api/claims/[id]/route.ts,c2e1470662804f1caeafe30439baef91940b875e,static_inventory_only; representative evidence in review; not individual E2E pass
blockid.au,api_or_handler,/api/cofounder-match,public_content_other,web/src/app/api/cofounder-match/route.ts,c2e1470662804f1caeafe30439baef91940b875e,static_inventory_only; representative evidence in review; not individual E2E pass
blockid.au,api_or_handler,/api/competitive-positioning/features,public_content_other,web/src/app/api/competitive-positioning/features/route.ts,c2e1470662804f1caeafe30439baef91940b875e,static_inventory_only; representative evidence in review; not individual E2E pass
blockid.au,api_or_handler,/api/competitive-positioning/matrix,public_content_other,web/src/app/api/competitive-positioning/matrix/route.ts,c2e1470662804f1caeafe30439baef91940b875e,static_inventory_only; representative evidence in review; not individual E2E pass
blockid.au,api_or_handler,/api/competitive-positioning/positioning,public_content_other,web/src/app/api/competitive-positioning/positioning/route.ts,c2e1470662804f1caeafe30439baef91940b875e,static_inventory_only; representative evidence in review; not individual E2E pass
blockid.au,api_or_handler,/api/compliance/calendar,equity_finance_legal,web/src/app/api/compliance/calendar/route.ts,c2e1470662804f1caeafe30439baef91940b875e,static_inventory_only; representative evidence in review; not individual E2E pass
blockid.au,api_or_handler,/api/compliance/esic,equity_finance_legal,web/src/app/api/compliance/esic/route.ts,c2e1470662804f1caeafe30439baef91940b875e,static_inventory_only; representative evidence in review; not individual E2E pass
blockid.au,api_or_handler,/api/compliance/gst-threshold,equity_finance_legal,web/src/app/api/compliance/gst-threshold/route.ts,c2e1470662804f1caeafe30439baef91940b875e,static_inventory_only; representative evidence in review; not individual E2E pass
blockid.au,api_or_handler,/api/compliance/modern-slavery-threshold,equity_finance_legal,web/src/app/api/compliance/modern-slavery-threshold/route.ts,c2e1470662804f1caeafe30439baef91940b875e,static_inventory_only; representative evidence in review; not individual E2E pass
blockid.au,api_or_handler,/api/compliance/rd-calendar,equity_finance_legal,web/src/app/api/compliance/rd-calendar/route.ts,c2e1470662804f1caeafe30439baef91940b875e,static_inventory_only; representative evidence in review; not individual E2E pass
blockid.au,api_or_handler,/api/compliance/s708,equity_finance_legal,web/src/app/api/compliance/s708/route.ts,c2e1470662804f1caeafe30439baef91940b875e,static_inventory_only; representative evidence in review; not individual E2E pass
blockid.au,api_or_handler,/api/compliance/s708-small-scale-counter,equity_finance_legal,web/src/app/api/compliance/s708-small-scale-counter/route.ts,c2e1470662804f1caeafe30439baef91940b875e,static_inventory_only; representative evidence in review; not individual E2E pass
blockid.au,api_or_handler,/api/compliance/tax-invoice-check,equity_finance_legal,web/src/app/api/compliance/tax-invoice-check/route.ts,c2e1470662804f1caeafe30439baef91940b875e,static_inventory_only; representative evidence in review; not individual E2E pass
blockid.au,api_or_handler,/api/compliance/wgea-threshold,equity_finance_legal,web/src/app/api/compliance/wgea-threshold/route.ts,c2e1470662804f1caeafe30439baef91940b875e,static_inventory_only; representative evidence in review; not individual E2E pass
blockid.au,api_or_handler,/api/contact-unlock,public_content_other,web/src/app/api/contact-unlock/route.ts,c2e1470662804f1caeafe30439baef91940b875e,static_inventory_only; representative evidence in review; not individual E2E pass
blockid.au,api_or_handler,/api/conversion/pending-trigger,public_content_other,web/src/app/api/conversion/pending-trigger/route.ts,c2e1470662804f1caeafe30439baef91940b875e,static_inventory_only; representative evidence in review; not individual E2E pass
blockid.au,api_or_handler,/api/conversion/track,public_content_other,web/src/app/api/conversion/track/route.ts,c2e1470662804f1caeafe30439baef91940b875e,static_inventory_only; representative evidence in review; not individual E2E pass
blockid.au,api_or_handler,/api/corrections,public_content_other,web/src/app/api/corrections/route.ts,c2e1470662804f1caeafe30439baef91940b875e,static_inventory_only; representative evidence in review; not individual E2E pass
blockid.au,api_or_handler,/api/coupon/redeem,public_content_other,web/src/app/api/coupon/redeem/route.ts,c2e1470662804f1caeafe30439baef91940b875e,static_inventory_only; representative evidence in review; not individual E2E pass
blockid.au,api_or_handler,/api/coupon/validate,public_content_other,web/src/app/api/coupon/validate/route.ts,c2e1470662804f1caeafe30439baef91940b875e,static_inventory_only; representative evidence in review; not individual E2E pass
blockid.au,api_or_handler,/api/credits/check,billing_credits,web/src/app/api/credits/check/route.ts,c2e1470662804f1caeafe30439baef91940b875e,static_inventory_only; representative evidence in review; not individual E2E pass
blockid.au,api_or_handler,/api/credits,billing_credits,web/src/app/api/credits/route.ts,c2e1470662804f1caeafe30439baef91940b875e,static_inventory_only; representative evidence in review; not individual E2E pass
blockid.au,api_or_handler,/api/cron/account-erasure,admin_operations,web/src/app/api/cron/account-erasure/route.ts,c2e1470662804f1caeafe30439baef91940b875e,static_inventory_only; representative evidence in review; not individual E2E pass
blockid.au,api_or_handler,/api/cron/agent-auto-improve,admin_operations,web/src/app/api/cron/agent-auto-improve/route.ts,c2e1470662804f1caeafe30439baef91940b875e,static_inventory_only; representative evidence in review; not individual E2E pass
blockid.au,api_or_handler,/api/cron/agent-deploy,admin_operations,web/src/app/api/cron/agent-deploy/route.ts,c2e1470662804f1caeafe30439baef91940b875e,static_inventory_only; representative evidence in review; not individual E2E pass
blockid.au,api_or_handler,/api/cron/agent-guardian,admin_operations,web/src/app/api/cron/agent-guardian/route.ts,c2e1470662804f1caeafe30439baef91940b875e,static_inventory_only; representative evidence in review; not individual E2E pass
blockid.au,api_or_handler,/api/cron/agent-healthcheck,admin_operations,web/src/app/api/cron/agent-healthcheck/route.ts,c2e1470662804f1caeafe30439baef91940b875e,static_inventory_only; representative evidence in review; not individual E2E pass
blockid.au,api_or_handler,/api/cron/agent-orchestrator,admin_operations,web/src/app/api/cron/agent-orchestrator/route.ts,c2e1470662804f1caeafe30439baef91940b875e,static_inventory_only; representative evidence in review; not individual E2E pass
blockid.au,api_or_handler,/api/cron/agent-research,admin_operations,web/src/app/api/cron/agent-research/route.ts,c2e1470662804f1caeafe30439baef91940b875e,static_inventory_only; representative evidence in review; not individual E2E pass
blockid.au,api_or_handler,/api/cron/agent-upgrade,admin_operations,web/src/app/api/cron/agent-upgrade/route.ts,c2e1470662804f1caeafe30439baef91940b875e,static_inventory_only; representative evidence in review; not individual E2E pass
blockid.au,api_or_handler,/api/cron/ai-health,admin_operations,web/src/app/api/cron/ai-health/route.ts,c2e1470662804f1caeafe30439baef91940b875e,static_inventory_only; representative evidence in review; not individual E2E pass
blockid.au,api_or_handler,/api/cron/ai-health-check,admin_operations,web/src/app/api/cron/ai-health-check/route.ts,c2e1470662804f1caeafe30439baef91940b875e,static_inventory_only; representative evidence in review; not individual E2E pass
blockid.au,api_or_handler,/api/cron/ai-model-discovery,admin_operations,web/src/app/api/cron/ai-model-discovery/route.ts,c2e1470662804f1caeafe30439baef91940b875e,static_inventory_only; representative evidence in review; not individual E2E pass
blockid.au,api_or_handler,/api/cron/analysis-refresh-quarterly,admin_operations,web/src/app/api/cron/analysis-refresh-quarterly/route.ts,c2e1470662804f1caeafe30439baef91940b875e,static_inventory_only; representative evidence in review; not individual E2E pass
blockid.au,api_or_handler,/api/cron/archived-purge,admin_operations,web/src/app/api/cron/archived-purge/route.ts,c2e1470662804f1caeafe30439baef91940b875e,static_inventory_only; representative evidence in review; not individual E2E pass
blockid.au,api_or_handler,/api/cron/audit-chain-verify,admin_operations,web/src/app/api/cron/audit-chain-verify/route.ts,c2e1470662804f1caeafe30439baef91940b875e,static_inventory_only; representative evidence in review; not individual E2E pass
blockid.au,api_or_handler,/api/cron/benchmark-segments,admin_operations,web/src/app/api/cron/benchmark-segments/route.ts,c2e1470662804f1caeafe30439baef91940b875e,static_inventory_only; representative evidence in review; not individual E2E pass
blockid.au,api_or_handler,/api/cron/blockchain-sync,admin_operations,web/src/app/api/cron/blockchain-sync/route.ts,c2e1470662804f1caeafe30439baef91940b875e,static_inventory_only; representative evidence in review; not individual E2E pass
blockid.au,api_or_handler,/api/cron/bq-export,admin_operations,web/src/app/api/cron/bq-export/route.ts,c2e1470662804f1caeafe30439baef91940b875e,static_inventory_only; representative evidence in review; not individual E2E pass
blockid.au,api_or_handler,/api/cron/ceo-daily-summary,admin_operations,web/src/app/api/cron/ceo-daily-summary/route.ts,c2e1470662804f1caeafe30439baef91940b875e,static_inventory_only; representative evidence in review; not individual E2E pass
blockid.au,api_or_handler,/api/cron/chain-reconcile,admin_operations,web/src/app/api/cron/chain-reconcile/route.ts,c2e1470662804f1caeafe30439baef91940b875e,static_inventory_only; representative evidence in review; not individual E2E pass
blockid.au,api_or_handler,/api/cron/clevel-daily-reports,admin_operations,web/src/app/api/cron/clevel-daily-reports/route.ts,c2e1470662804f1caeafe30439baef91940b875e,static_inventory_only; representative evidence in review; not individual E2E pass
blockid.au,api_or_handler,/api/cron/comparables-ingest,admin_operations,web/src/app/api/cron/comparables-ingest/route.ts,c2e1470662804f1caeafe30439baef91940b875e,static_inventory_only; representative evidence in review; not individual E2E pass
blockid.au,api_or_handler,/api/cron/connector-resync,admin_operations,web/src/app/api/cron/connector-resync/route.ts,c2e1470662804f1caeafe30439baef91940b875e,static_inventory_only; representative evidence in review; not individual E2E pass
blockid.au,api_or_handler,/api/cron/credit-reset,admin_operations,web/src/app/api/cron/credit-reset/route.ts,c2e1470662804f1caeafe30439baef91940b875e,static_inventory_only; representative evidence in review; not individual E2E pass
blockid.au,api_or_handler,/api/cron/cron-health,admin_operations,web/src/app/api/cron/cron-health/route.ts,c2e1470662804f1caeafe30439baef91940b875e,static_inventory_only; representative evidence in review; not individual E2E pass
blockid.au,api_or_handler,/api/cron/daily-admin-report,admin_operations,web/src/app/api/cron/daily-admin-report/route.ts,c2e1470662804f1caeafe30439baef91940b875e,static_inventory_only; representative evidence in review; not individual E2E pass
blockid.au,api_or_handler,/api/cron/discover-models,admin_operations,web/src/app/api/cron/discover-models/route.ts,c2e1470662804f1caeafe30439baef91940b875e,static_inventory_only; representative evidence in review; not individual E2E pass
blockid.au,api_or_handler,/api/cron/dunning-retry,admin_operations,web/src/app/api/cron/dunning-retry/route.ts,c2e1470662804f1caeafe30439baef91940b875e,static_inventory_only; representative evidence in review; not individual E2E pass
blockid.au,api_or_handler,/api/cron/email-drip,admin_operations,web/src/app/api/cron/email-drip/route.ts,c2e1470662804f1caeafe30439baef91940b875e,static_inventory_only; representative evidence in review; not individual E2E pass
blockid.au,api_or_handler,/api/cron/evaluation-batch-runner,admin_operations,web/src/app/api/cron/evaluation-batch-runner/route.ts,c2e1470662804f1caeafe30439baef91940b875e,static_inventory_only; representative evidence in review; not individual E2E pass
blockid.au,api_or_handler,/api/cron/evaluator-progress-weekly,admin_operations,web/src/app/api/cron/evaluator-progress-weekly/route.ts,c2e1470662804f1caeafe30439baef91940b875e,static_inventory_only; representative evidence in review; not individual E2E pass
blockid.au,api_or_handler,/api/cron/evidence-expiry,admin_operations,web/src/app/api/cron/evidence-expiry/route.ts,c2e1470662804f1caeafe30439baef91940b875e,static_inventory_only; representative evidence in review; not individual E2E pass
blockid.au,api_or_handler,/api/cron/feedback-digest,admin_operations,web/src/app/api/cron/feedback-digest/route.ts,c2e1470662804f1caeafe30439baef91940b875e,static_inventory_only; representative evidence in review; not individual E2E pass
blockid.au,api_or_handler,/api/cron/feedback-letters,admin_operations,web/src/app/api/cron/feedback-letters/route.ts,c2e1470662804f1caeafe30439baef91940b875e,static_inventory_only; representative evidence in review; not individual E2E pass
blockid.au,api_or_handler,/api/cron/first-analysis-report,admin_operations,web/src/app/api/cron/first-analysis-report/route.ts,c2e1470662804f1caeafe30439baef91940b875e,static_inventory_only; representative evidence in review; not individual E2E pass
blockid.au,api_or_handler,/api/cron/founder-digest-weekly,admin_operations,web/src/app/api/cron/founder-digest-weekly/route.ts,c2e1470662804f1caeafe30439baef91940b875e,static_inventory_only; representative evidence in review; not individual E2E pass
blockid.au,api_or_handler,/api/cron/founder-weekly-digest,admin_operations,web/src/app/api/cron/founder-weekly-digest/route.ts,c2e1470662804f1caeafe30439baef91940b875e,static_inventory_only; representative evidence in review; not individual E2E pass
blockid.au,api_or_handler,/api/cron/founding-promo-cutover-guardrail,admin_operations,web/src/app/api/cron/founding-promo-cutover-guardrail/route.ts,c2e1470662804f1caeafe30439baef91940b875e,static_inventory_only; representative evidence in review; not individual E2E pass
blockid.au,api_or_handler,/api/cron/funding-report-retry,admin_operations,web/src/app/api/cron/funding-report-retry/route.ts,c2e1470662804f1caeafe30439baef91940b875e,static_inventory_only; representative evidence in review; not individual E2E pass
blockid.au,api_or_handler,/api/cron/ga4-event-audit,admin_operations,web/src/app/api/cron/ga4-event-audit/route.ts,c2e1470662804f1caeafe30439baef91940b875e,static_inventory_only; representative evidence in review; not individual E2E pass
blockid.au,api_or_handler,/api/cron/growth-gate-eval,admin_operations,web/src/app/api/cron/growth-gate-eval/route.ts,c2e1470662804f1caeafe30439baef91940b875e,static_inventory_only; representative evidence in review; not individual E2E pass
blockid.au,api_or_handler,/api/cron/growth-insights,admin_operations,web/src/app/api/cron/growth-insights/route.ts,c2e1470662804f1caeafe30439baef91940b875e,static_inventory_only; representative evidence in review; not individual E2E pass
blockid.au,api_or_handler,/api/cron/guest-analysis-reconcile,admin_operations,web/src/app/api/cron/guest-analysis-reconcile/route.ts,c2e1470662804f1caeafe30439baef91940b875e,static_inventory_only; representative evidence in review; not individual E2E pass
blockid.au,api_or_handler,/api/cron/investor-followups,admin_operations,web/src/app/api/cron/investor-followups/route.ts,c2e1470662804f1caeafe30439baef91940b875e,static_inventory_only; representative evidence in review; not individual E2E pass
blockid.au,api_or_handler,/api/cron/investor-weekly-digest,admin_operations,web/src/app/api/cron/investor-weekly-digest/route.ts,c2e1470662804f1caeafe30439baef91940b875e,static_inventory_only; representative evidence in review; not individual E2E pass
blockid.au,api_or_handler,/api/cron/lead-nurture,admin_operations,web/src/app/api/cron/lead-nurture/route.ts,c2e1470662804f1caeafe30439baef91940b875e,static_inventory_only; representative evidence in review; not individual E2E pass
blockid.au,api_or_handler,/api/cron/lifecycle-mailer,admin_operations,web/src/app/api/cron/lifecycle-mailer/route.ts,c2e1470662804f1caeafe30439baef91940b875e,static_inventory_only; representative evidence in review; not individual E2E pass
blockid.au,api_or_handler,/api/cron/linkedin-page-post,admin_operations,web/src/app/api/cron/linkedin-page-post/route.ts,c2e1470662804f1caeafe30439baef91940b875e,static_inventory_only; representative evidence in review; not individual E2E pass
blockid.au,api_or_handler,/api/cron/linkedin-post,admin_operations,web/src/app/api/cron/linkedin-post/route.ts,c2e1470662804f1caeafe30439baef91940b875e,static_inventory_only; representative evidence in review; not individual E2E pass
blockid.au,api_or_handler,/api/cron/mandate-fit-refresh,admin_operations,web/src/app/api/cron/mandate-fit-refresh/route.ts,c2e1470662804f1caeafe30439baef91940b875e,static_inventory_only; representative evidence in review; not individual E2E pass
blockid.au,api_or_handler,/api/cron/milestone-report,admin_operations,web/src/app/api/cron/milestone-report/route.ts,c2e1470662804f1caeafe30439baef91940b875e,static_inventory_only; representative evidence in review; not individual E2E pass
blockid.au,api_or_handler,/api/cron/money-radar-sweep,admin_operations,web/src/app/api/cron/money-radar-sweep/route.ts,c2e1470662804f1caeafe30439baef91940b875e,static_inventory_only; representative evidence in review; not individual E2E pass
blockid.au,api_or_handler,/api/cron/nightly-clevel-review,admin_operations,web/src/app/api/cron/nightly-clevel-review/route.ts,c2e1470662804f1caeafe30439baef91940b875e,static_inventory_only; representative evidence in review; not individual E2E pass
blockid.au,api_or_handler,/api/cron/nurture,admin_operations,web/src/app/api/cron/nurture/route.ts,c2e1470662804f1caeafe30439baef91940b875e,static_inventory_only; representative evidence in review; not individual E2E pass
blockid.au,api_or_handler,/api/cron/nurture-emails,admin_operations,web/src/app/api/cron/nurture-emails/route.ts,c2e1470662804f1caeafe30439baef91940b875e,static_inventory_only; representative evidence in review; not individual E2E pass
blockid.au,api_or_handler,/api/cron/onboarding-sequence,admin_operations,web/src/app/api/cron/onboarding-sequence/route.ts,c2e1470662804f1caeafe30439baef91940b875e,static_inventory_only; representative evidence in review; not individual E2E pass
blockid.au,api_or_handler,/api/cron/org-retention,admin_operations,web/src/app/api/cron/org-retention/route.ts,c2e1470662804f1caeafe30439baef91940b875e,static_inventory_only; representative evidence in review; not individual E2E pass
blockid.au,api_or_handler,/api/cron/outcome-signals,admin_operations,web/src/app/api/cron/outcome-signals/route.ts,c2e1470662804f1caeafe30439baef91940b875e,static_inventory_only; representative evidence in review; not individual E2E pass
blockid.au,api_or_handler,/api/cron/pilot-expiry,admin_operations,web/src/app/api/cron/pilot-expiry/route.ts,c2e1470662804f1caeafe30439baef91940b875e,static_inventory_only; representative evidence in review; not individual E2E pass
blockid.au,api_or_handler,/api/cron/privacy-retention,admin_operations,web/src/app/api/cron/privacy-retention/route.ts,c2e1470662804f1caeafe30439baef91940b875e,static_inventory_only; representative evidence in review; not individual E2E pass
blockid.au,api_or_handler,/api/cron/prompt-eval-nightly,admin_operations,web/src/app/api/cron/prompt-eval-nightly/route.ts,c2e1470662804f1caeafe30439baef91940b875e,static_inventory_only; representative evidence in review; not individual E2E pass
blockid.au,api_or_handler,/api/cron/prune-rate-limits,admin_operations,web/src/app/api/cron/prune-rate-limits/route.ts,c2e1470662804f1caeafe30439baef91940b875e,static_inventory_only; representative evidence in review; not individual E2E pass
blockid.au,api_or_handler,/api/cron/publish-insight,admin_operations,web/src/app/api/cron/publish-insight/route.ts,c2e1470662804f1caeafe30439baef91940b875e,static_inventory_only; representative evidence in review; not individual E2E pass
blockid.au,api_or_handler,/api/cron/refresh-funding-sources,admin_operations,web/src/app/api/cron/refresh-funding-sources/route.ts,c2e1470662804f1caeafe30439baef91940b875e,static_inventory_only; representative evidence in review; not individual E2E pass
blockid.au,api_or_handler,/api/cron/refresh-models,admin_operations,web/src/app/api/cron/refresh-models/route.ts,c2e1470662804f1caeafe30439baef91940b875e,static_inventory_only; representative evidence in review; not individual E2E pass
blockid.au,api_or_handler,/api/cron/refresh-sector-benchmarks,admin_operations,web/src/app/api/cron/refresh-sector-benchmarks/route.ts,c2e1470662804f1caeafe30439baef91940b875e,static_inventory_only; representative evidence in review; not individual E2E pass
blockid.au,api_or_handler,/api/cron/report-email-sweep,admin_operations,web/src/app/api/cron/report-email-sweep/route.ts,c2e1470662804f1caeafe30439baef91940b875e,static_inventory_only; representative evidence in review; not individual E2E pass
blockid.au,api_or_handler,/api/cron/report-order-drain,admin_operations,web/src/app/api/cron/report-order-drain/route.ts,c2e1470662804f1caeafe30439baef91940b875e,static_inventory_only; representative evidence in review; not individual E2E pass
blockid.au,api_or_handler,/api/cron/reseller-audit-anomaly-scan,admin_operations,web/src/app/api/cron/reseller-audit-anomaly-scan/route.ts,c2e1470662804f1caeafe30439baef91940b875e,static_inventory_only; representative evidence in review; not individual E2E pass
blockid.au,api_or_handler,/api/cron/reseller-clear-commissions,admin_operations,web/src/app/api/cron/reseller-clear-commissions/route.ts,c2e1470662804f1caeafe30439baef91940b875e,static_inventory_only; representative evidence in review; not individual E2E pass
blockid.au,api_or_handler,/api/cron/reseller-manifest-drift,admin_operations,web/src/app/api/cron/reseller-manifest-drift/route.ts,c2e1470662804f1caeafe30439baef91940b875e,static_inventory_only; representative evidence in review; not individual E2E pass
blockid.au,api_or_handler,/api/cron/reseller-monthly-reconciliation,admin_operations,web/src/app/api/cron/reseller-monthly-reconciliation/route.ts,c2e1470662804f1caeafe30439baef91940b875e,static_inventory_only; representative evidence in review; not individual E2E pass
blockid.au,api_or_handler,/api/cron/reseller-monthly-report,admin_operations,web/src/app/api/cron/reseller-monthly-report/route.ts,c2e1470662804f1caeafe30439baef91940b875e,static_inventory_only; representative evidence in review; not individual E2E pass
blockid.au,api_or_handler,/api/cron/reseller-stage-sync,admin_operations,web/src/app/api/cron/reseller-stage-sync/route.ts,c2e1470662804f1caeafe30439baef91940b875e,static_inventory_only; representative evidence in review; not individual E2E pass
blockid.au,api_or_handler,/api/cron/reseller-stripe-sync,admin_operations,web/src/app/api/cron/reseller-stripe-sync/route.ts,c2e1470662804f1caeafe30439baef91940b875e,static_inventory_only; representative evidence in review; not individual E2E pass
blockid.au,api_or_handler,/api/cron/reseller-weekly-digest,admin_operations,web/src/app/api/cron/reseller-weekly-digest/route.ts,c2e1470662804f1caeafe30439baef91940b875e,static_inventory_only; representative evidence in review; not individual E2E pass
blockid.au,api_or_handler,/api/cron/revalidate-funding,admin_operations,web/src/app/api/cron/revalidate-funding/route.ts,c2e1470662804f1caeafe30439baef91940b875e,static_inventory_only; representative evidence in review; not individual E2E pass
blockid.au,api_or_handler,/api/cron/score-feedback,admin_operations,web/src/app/api/cron/score-feedback/route.ts,c2e1470662804f1caeafe30439baef91940b875e,static_inventory_only; representative evidence in review; not individual E2E pass
blockid.au,api_or_handler,/api/cron/sector-multiples-refresh,admin_operations,web/src/app/api/cron/sector-multiples-refresh/route.ts,c2e1470662804f1caeafe30439baef91940b875e,static_inventory_only; representative evidence in review; not individual E2E pass
blockid.au,api_or_handler,/api/cron/security-posture,admin_operations,web/src/app/api/cron/security-posture/route.ts,c2e1470662804f1caeafe30439baef91940b875e,static_inventory_only; representative evidence in review; not individual E2E pass
blockid.au,api_or_handler,/api/cron/server-cleanup,admin_operations,web/src/app/api/cron/server-cleanup/route.ts,c2e1470662804f1caeafe30439baef91940b875e,static_inventory_only; representative evidence in review; not individual E2E pass
blockid.au,api_or_handler,/api/cron/stripe-reconcile,admin_operations,web/src/app/api/cron/stripe-reconcile/route.ts,c2e1470662804f1caeafe30439baef91940b875e,static_inventory_only; representative evidence in review; not individual E2E pass
blockid.au,api_or_handler,/api/cron/svi-exchange-orchestrator,admin_operations,web/src/app/api/cron/svi-exchange-orchestrator/route.ts,c2e1470662804f1caeafe30439baef91940b875e,static_inventory_only; representative evidence in review; not individual E2E pass
blockid.au,api_or_handler,/api/cron/svi-index-populate,admin_operations,web/src/app/api/cron/svi-index-populate/route.ts,c2e1470662804f1caeafe30439baef91940b875e,static_inventory_only; representative evidence in review; not individual E2E pass
blockid.au,api_or_handler,/api/cron/svi-notify,admin_operations,web/src/app/api/cron/svi-notify/route.ts,c2e1470662804f1caeafe30439baef91940b875e,static_inventory_only; representative evidence in review; not individual E2E pass
blockid.au,api_or_handler,/api/cron/svi-review,admin_operations,web/src/app/api/cron/svi-review/route.ts,c2e1470662804f1caeafe30439baef91940b875e,static_inventory_only; representative evidence in review; not individual E2E pass
blockid.au,api_or_handler,/api/cron/svi-snapshot,admin_operations,web/src/app/api/cron/svi-snapshot/route.ts,c2e1470662804f1caeafe30439baef91940b875e,static_inventory_only; representative evidence in review; not individual E2E pass
blockid.au,api_or_handler,/api/cron/tbr-lead-drip,admin_operations,web/src/app/api/cron/tbr-lead-drip/route.ts,c2e1470662804f1caeafe30439baef91940b875e,static_inventory_only; representative evidence in review; not individual E2E pass
blockid.au,api_or_handler,/api/cron/telegram-report,admin_operations,web/src/app/api/cron/telegram-report/route.ts,c2e1470662804f1caeafe30439baef91940b875e,static_inventory_only; representative evidence in review; not individual E2E pass
blockid.au,api_or_handler,/api/cron/traction-snapshot,admin_operations,web/src/app/api/cron/traction-snapshot/route.ts,c2e1470662804f1caeafe30439baef91940b875e,static_inventory_only; representative evidence in review; not individual E2E pass
blockid.au,api_or_handler,/api/cron/traffic-report,admin_operations,web/src/app/api/cron/traffic-report/route.ts,c2e1470662804f1caeafe30439baef91940b875e,static_inventory_only; representative evidence in review; not individual E2E pass
blockid.au,api_or_handler,/api/cron/trial-charge-warning,admin_operations,web/src/app/api/cron/trial-charge-warning/route.ts,c2e1470662804f1caeafe30439baef91940b875e,static_inventory_only; representative evidence in review; not individual E2E pass
blockid.au,api_or_handler,/api/cron/trial-end-reminder,admin_operations,web/src/app/api/cron/trial-end-reminder/route.ts,c2e1470662804f1caeafe30439baef91940b875e,static_inventory_only; representative evidence in review; not individual E2E pass
blockid.au,api_or_handler,/api/cron/unicorn-nightly-progress,admin_operations,web/src/app/api/cron/unicorn-nightly-progress/route.ts,c2e1470662804f1caeafe30439baef91940b875e,static_inventory_only; representative evidence in review; not individual E2E pass
blockid.au,api_or_handler,/api/cron/verify-models,admin_operations,web/src/app/api/cron/verify-models/route.ts,c2e1470662804f1caeafe30439baef91940b875e,static_inventory_only; representative evidence in review; not individual E2E pass
blockid.au,api_or_handler,/api/cron/vesting,admin_operations,web/src/app/api/cron/vesting/route.ts,c2e1470662804f1caeafe30439baef91940b875e,static_inventory_only; representative evidence in review; not individual E2E pass
blockid.au,api_or_handler,/api/cron/watchlist-digest,admin_operations,web/src/app/api/cron/watchlist-digest/route.ts,c2e1470662804f1caeafe30439baef91940b875e,static_inventory_only; representative evidence in review; not individual E2E pass
blockid.au,api_or_handler,/api/cron/webhook-dispatch,admin_operations,web/src/app/api/cron/webhook-dispatch/route.ts,c2e1470662804f1caeafe30439baef91940b875e,static_inventory_only; representative evidence in review; not individual E2E pass
blockid.au,api_or_handler,/api/cron/weekly-insights,admin_operations,web/src/app/api/cron/weekly-insights/route.ts,c2e1470662804f1caeafe30439baef91940b875e,static_inventory_only; representative evidence in review; not individual E2E pass
blockid.au,api_or_handler,/api/cron/weekly-metrics,admin_operations,web/src/app/api/cron/weekly-metrics/route.ts,c2e1470662804f1caeafe30439baef91940b875e,static_inventory_only; representative evidence in review; not individual E2E pass
blockid.au,api_or_handler,/api/cron/weekly-retention,admin_operations,web/src/app/api/cron/weekly-retention/route.ts,c2e1470662804f1caeafe30439baef91940b875e,static_inventory_only; representative evidence in review; not individual E2E pass
blockid.au,api_or_handler,/api/cron/weekly-revenue-digest,admin_operations,web/src/app/api/cron/weekly-revenue-digest/route.ts,c2e1470662804f1caeafe30439baef91940b875e,static_inventory_only; representative evidence in review; not individual E2E pass
blockid.au,api_or_handler,/api/cron/weekly-revenue-report,admin_operations,web/src/app/api/cron/weekly-revenue-report/route.ts,c2e1470662804f1caeafe30439baef91940b875e,static_inventory_only; representative evidence in review; not individual E2E pass
blockid.au,api_or_handler,/api/dashboard/layout,public_content_other,web/src/app/api/dashboard/layout/route.ts,c2e1470662804f1caeafe30439baef91940b875e,static_inventory_only; representative evidence in review; not individual E2E pass
blockid.au,api_or_handler,/api/data-room/access,public_content_other,web/src/app/api/data-room/access/route.ts,c2e1470662804f1caeafe30439baef91940b875e,static_inventory_only; representative evidence in review; not individual E2E pass
blockid.au,api_or_handler,/api/data-room/auto-fill,public_content_other,web/src/app/api/data-room/auto-fill/route.ts,c2e1470662804f1caeafe30439baef91940b875e,static_inventory_only; representative evidence in review; not individual E2E pass
blockid.au,api_or_handler,/api/data-room/clean-room,public_content_other,web/src/app/api/data-room/clean-room/route.ts,c2e1470662804f1caeafe30439baef91940b875e,static_inventory_only; representative evidence in review; not individual E2E pass
blockid.au,api_or_handler,/api/data-room/engage,public_content_other,web/src/app/api/data-room/engage/route.ts,c2e1470662804f1caeafe30439baef91940b875e,static_inventory_only; representative evidence in review; not individual E2E pass
blockid.au,api_or_handler,/api/data-room/generate,public_content_other,web/src/app/api/data-room/generate/route.ts,c2e1470662804f1caeafe30439baef91940b875e,static_inventory_only; representative evidence in review; not individual E2E pass
blockid.au,api_or_handler,/api/data-room/goals,public_content_other,web/src/app/api/data-room/goals/route.ts,c2e1470662804f1caeafe30439baef91940b875e,static_inventory_only; representative evidence in review; not individual E2E pass
blockid.au,api_or_handler,/api/data-room/initialize,public_content_other,web/src/app/api/data-room/initialize/route.ts,c2e1470662804f1caeafe30439baef91940b875e,static_inventory_only; representative evidence in review; not individual E2E pass
blockid.au,api_or_handler,/api/data-room/nda,public_content_other,web/src/app/api/data-room/nda/route.ts,c2e1470662804f1caeafe30439baef91940b875e,static_inventory_only; representative evidence in review; not individual E2E pass
blockid.au,api_or_handler,/api/data-room/readiness,public_content_other,web/src/app/api/data-room/readiness/route.ts,c2e1470662804f1caeafe30439baef91940b875e,static_inventory_only; representative evidence in review; not individual E2E pass
blockid.au,api_or_handler,/api/data-room/settings,identity_projects,web/src/app/api/data-room/settings/route.ts,c2e1470662804f1caeafe30439baef91940b875e,static_inventory_only; representative evidence in review; not individual E2E pass
blockid.au,api_or_handler,/api/data-room/share/[token]/pdf,equity_finance_legal,web/src/app/api/data-room/share/[token]/pdf/route.ts,c2e1470662804f1caeafe30439baef91940b875e,static_inventory_only; representative evidence in review; not individual E2E pass
blockid.au,api_or_handler,/api/dataroom/clone,public_content_other,web/src/app/api/dataroom/clone/route.ts,c2e1470662804f1caeafe30439baef91940b875e,static_inventory_only; representative evidence in review; not individual E2E pass
blockid.au,api_or_handler,/api/dataroom/populate-from-template,public_content_other,web/src/app/api/dataroom/populate-from-template/route.ts,c2e1470662804f1caeafe30439baef91940b875e,static_inventory_only; representative evidence in review; not individual E2E pass
blockid.au,api_or_handler,/api/dataroom/readiness,public_content_other,web/src/app/api/dataroom/readiness/route.ts,c2e1470662804f1caeafe30439baef91940b875e,static_inventory_only; representative evidence in review; not individual E2E pass
blockid.au,api_or_handler,/api/dataroom/reseed-templates,public_content_other,web/src/app/api/dataroom/reseed-templates/route.ts,c2e1470662804f1caeafe30439baef91940b875e,static_inventory_only; representative evidence in review; not individual E2E pass
blockid.au,api_or_handler,/api/dataroom/sbom,public_content_other,web/src/app/api/dataroom/sbom/route.ts,c2e1470662804f1caeafe30439baef91940b875e,static_inventory_only; representative evidence in review; not individual E2E pass
blockid.au,api_or_handler,/api/dataroom/setup,public_content_other,web/src/app/api/dataroom/setup/route.ts,c2e1470662804f1caeafe30439baef91940b875e,static_inventory_only; representative evidence in review; not individual E2E pass
blockid.au,api_or_handler,/api/dataroom/template,public_content_other,web/src/app/api/dataroom/template/route.ts,c2e1470662804f1caeafe30439baef91940b875e,static_inventory_only; representative evidence in review; not individual E2E pass
blockid.au,api_or_handler,/api/digest/preview,public_content_other,web/src/app/api/digest/preview/route.ts,c2e1470662804f1caeafe30439baef91940b875e,static_inventory_only; representative evidence in review; not individual E2E pass
blockid.au,api_or_handler,/api/dividends/[recordId]/data-room,equity_finance_legal,web/src/app/api/dividends/[recordId]/data-room/route.ts,c2e1470662804f1caeafe30439baef91940b875e,static_inventory_only; representative evidence in review; not individual E2E pass
blockid.au,api_or_handler,/api/dividends/[recordId]/register.pdf,identity_projects,web/src/app/api/dividends/[recordId]/register.pdf/route.ts,c2e1470662804f1caeafe30439baef91940b875e,static_inventory_only; representative evidence in review; not individual E2E pass
blockid.au,api_or_handler,/api/dividends/[recordId]/statements,equity_finance_legal,web/src/app/api/dividends/[recordId]/statements/route.ts,c2e1470662804f1caeafe30439baef91940b875e,static_inventory_only; representative evidence in review; not individual E2E pass
blockid.au,api_or_handler,/api/dividends/drip/elections,equity_finance_legal,web/src/app/api/dividends/drip/elections/route.ts,c2e1470662804f1caeafe30439baef91940b875e,static_inventory_only; representative evidence in review; not individual E2E pass
blockid.au,api_or_handler,/api/dividends,equity_finance_legal,web/src/app/api/dividends/route.ts,c2e1470662804f1caeafe30439baef91940b875e,static_inventory_only; representative evidence in review; not individual E2E pass
blockid.au,api_or_handler,/api/dividends/statements/[id]/pdf,equity_finance_legal,web/src/app/api/dividends/statements/[id]/pdf/route.ts,c2e1470662804f1caeafe30439baef91940b875e,static_inventory_only; representative evidence in review; not individual E2E pass
blockid.au,api_or_handler,/api/dividends/statements/[id]/void,equity_finance_legal,web/src/app/api/dividends/statements/[id]/void/route.ts,c2e1470662804f1caeafe30439baef91940b875e,static_inventory_only; representative evidence in review; not individual E2E pass
blockid.au,api_or_handler,/api/dividends/statements,equity_finance_legal,web/src/app/api/dividends/statements/route.ts,c2e1470662804f1caeafe30439baef91940b875e,static_inventory_only; representative evidence in review; not individual E2E pass
blockid.au,api_or_handler,/api/dividends/tax-statements/[id]/pdf,equity_finance_legal,web/src/app/api/dividends/tax-statements/[id]/pdf/route.ts,c2e1470662804f1caeafe30439baef91940b875e,static_inventory_only; representative evidence in review; not individual E2E pass
blockid.au,api_or_handler,/api/dividends/tax-statements/data-room,equity_finance_legal,web/src/app/api/dividends/tax-statements/data-room/route.ts,c2e1470662804f1caeafe30439baef91940b875e,static_inventory_only; representative evidence in review; not individual E2E pass
blockid.au,api_or_handler,/api/dividends/tax-statements,equity_finance_legal,web/src/app/api/dividends/tax-statements/route.ts,c2e1470662804f1caeafe30439baef91940b875e,static_inventory_only; representative evidence in review; not individual E2E pass
blockid.au,api_or_handler,/api/domain/comau-check,public_content_other,web/src/app/api/domain/comau-check/route.ts,c2e1470662804f1caeafe30439baef91940b875e,static_inventory_only; representative evidence in review; not individual E2E pass
blockid.au,api_or_handler,/api/entitlement/gate-hit,public_content_other,web/src/app/api/entitlement/gate-hit/route.ts,c2e1470662804f1caeafe30439baef91940b875e,static_inventory_only; representative evidence in review; not individual E2E pass
blockid.au,api_or_handler,/api/entitlement/me,public_content_other,web/src/app/api/entitlement/me/route.ts,c2e1470662804f1caeafe30439baef91940b875e,static_inventory_only; representative evidence in review; not individual E2E pass
blockid.au,api_or_handler,/api/eoi,public_content_other,web/src/app/api/eoi/route.ts,c2e1470662804f1caeafe30439baef91940b875e,static_inventory_only; representative evidence in review; not individual E2E pass
blockid.au,api_or_handler,/api/equity/[id],equity_finance_legal,web/src/app/api/equity/[id]/route.ts,c2e1470662804f1caeafe30439baef91940b875e,static_inventory_only; representative evidence in review; not individual E2E pass
blockid.au,api_or_handler,/api/equity/calculate,equity_finance_legal,web/src/app/api/equity/calculate/route.ts,c2e1470662804f1caeafe30439baef91940b875e,static_inventory_only; representative evidence in review; not individual E2E pass
blockid.au,api_or_handler,/api/equity/documents,equity_finance_legal,web/src/app/api/equity/documents/route.ts,c2e1470662804f1caeafe30439baef91940b875e,static_inventory_only; representative evidence in review; not individual E2E pass
blockid.au,api_or_handler,/api/equity/grants,equity_finance_legal,web/src/app/api/equity/grants/route.ts,c2e1470662804f1caeafe30439baef91940b875e,static_inventory_only; representative evidence in review; not individual E2E pass
blockid.au,api_or_handler,/api/equity/plans,equity_finance_legal,web/src/app/api/equity/plans/route.ts,c2e1470662804f1caeafe30439baef91940b875e,static_inventory_only; representative evidence in review; not individual E2E pass
blockid.au,api_or_handler,/api/equity/request,equity_finance_legal,web/src/app/api/equity/request/route.ts,c2e1470662804f1caeafe30439baef91940b875e,static_inventory_only; representative evidence in review; not individual E2E pass
blockid.au,api_or_handler,/api/equity,equity_finance_legal,web/src/app/api/equity/route.ts,c2e1470662804f1caeafe30439baef91940b875e,static_inventory_only; representative evidence in review; not individual E2E pass
blockid.au,api_or_handler,/api/esop/div83a-check,equity_finance_legal,web/src/app/api/esop/div83a-check/route.ts,c2e1470662804f1caeafe30439baef91940b875e,static_inventory_only; representative evidence in review; not individual E2E pass
blockid.au,api_or_handler,/api/esop/grants/[id],equity_finance_legal,web/src/app/api/esop/grants/[id]/route.ts,c2e1470662804f1caeafe30439baef91940b875e,static_inventory_only; representative evidence in review; not individual E2E pass
blockid.au,api_or_handler,/api/esop/grants,equity_finance_legal,web/src/app/api/esop/grants/route.ts,c2e1470662804f1caeafe30439baef91940b875e,static_inventory_only; representative evidence in review; not individual E2E pass
blockid.au,api_or_handler,/api/esop/pool,equity_finance_legal,web/src/app/api/esop/pool/route.ts,c2e1470662804f1caeafe30439baef91940b875e,static_inventory_only; representative evidence in review; not individual E2E pass
blockid.au,api_or_handler,/api/esop/score,reports_research_svi,web/src/app/api/esop/score/route.ts,c2e1470662804f1caeafe30439baef91940b875e,static_inventory_only; representative evidence in review; not individual E2E pass
blockid.au,api_or_handler,/api/evaluation/[criterionKey]/ai-score,reports_research_svi,web/src/app/api/evaluation/[criterionKey]/ai-score/route.ts,c2e1470662804f1caeafe30439baef91940b875e,static_inventory_only; representative evidence in review; not individual E2E pass
blockid.au,api_or_handler,/api/evaluation/[criterionKey]/ai-suggest,reports_research_svi,web/src/app/api/evaluation/[criterionKey]/ai-suggest/route.ts,c2e1470662804f1caeafe30439baef91940b875e,static_inventory_only; representative evidence in review; not individual E2E pass
blockid.au,api_or_handler,/api/evaluation,reports_research_svi,web/src/app/api/evaluation/route.ts,c2e1470662804f1caeafe30439baef91940b875e,static_inventory_only; representative evidence in review; not individual E2E pass
blockid.au,api_or_handler,/api/evaluations/[id]/actions,reports_research_svi,web/src/app/api/evaluations/[id]/actions/route.ts,c2e1470662804f1caeafe30439baef91940b875e,static_inventory_only; representative evidence in review; not individual E2E pass
blockid.au,api_or_handler,/api/evaluations/[id]/assessment/opt-out-feedback,reports_research_svi,web/src/app/api/evaluations/[id]/assessment/opt-out-feedback/route.ts,c2e1470662804f1caeafe30439baef91940b875e,static_inventory_only; representative evidence in review; not individual E2E pass
blockid.au,api_or_handler,/api/evaluations/[id]/assessment,reports_research_svi,web/src/app/api/evaluations/[id]/assessment/route.ts,c2e1470662804f1caeafe30439baef91940b875e,static_inventory_only; representative evidence in review; not individual E2E pass
blockid.au,api_or_handler,/api/evaluations/[id]/assessment/share,reports_research_svi,web/src/app/api/evaluations/[id]/assessment/share/route.ts,c2e1470662804f1caeafe30439baef91940b875e,static_inventory_only; representative evidence in review; not individual E2E pass
blockid.au,api_or_handler,/api/evaluations/[id]/dossier,reports_research_svi,web/src/app/api/evaluations/[id]/dossier/route.ts,c2e1470662804f1caeafe30439baef91940b875e,static_inventory_only; representative evidence in review; not individual E2E pass
blockid.au,api_or_handler,/api/evaluations/[id]/ic-report,reports_research_svi,web/src/app/api/evaluations/[id]/ic-report/route.ts,c2e1470662804f1caeafe30439baef91940b875e,static_inventory_only; representative evidence in review; not individual E2E pass
blockid.au,api_or_handler,/api/evaluations/[id]/report,reports_research_svi,web/src/app/api/evaluations/[id]/report/route.ts,c2e1470662804f1caeafe30439baef91940b875e,static_inventory_only; representative evidence in review; not individual E2E pass
blockid.au,api_or_handler,/api/evaluations/[id],reports_research_svi,web/src/app/api/evaluations/[id]/route.ts,c2e1470662804f1caeafe30439baef91940b875e,static_inventory_only; representative evidence in review; not individual E2E pass
blockid.au,api_or_handler,/api/evaluations/batch/[id]/assessments,reports_research_svi,web/src/app/api/evaluations/batch/[id]/assessments/route.ts,c2e1470662804f1caeafe30439baef91940b875e,static_inventory_only; representative evidence in review; not individual E2E pass
blockid.au,api_or_handler,/api/evaluations/batch/[id]/export.csv,reports_research_svi,web/src/app/api/evaluations/batch/[id]/export.csv/route.ts,c2e1470662804f1caeafe30439baef91940b875e,static_inventory_only; representative evidence in review; not individual E2E pass
blockid.au,api_or_handler,/api/evaluations/batch/[id]/import.csv,reports_research_svi,web/src/app/api/evaluations/batch/[id]/import.csv/route.ts,c2e1470662804f1caeafe30439baef91940b875e,static_inventory_only; representative evidence in review; not individual E2E pass
blockid.au,api_or_handler,/api/evaluations/batch/[id]/items/[itemId],reports_research_svi,web/src/app/api/evaluations/batch/[id]/items/[itemId]/route.ts,c2e1470662804f1caeafe30439baef91940b875e,static_inventory_only; representative evidence in review; not individual E2E pass
blockid.au,api_or_handler,/api/evaluations/batch/[id]/items/[itemId]/trajectory,reports_research_svi,web/src/app/api/evaluations/batch/[id]/items/[itemId]/trajectory/route.ts,c2e1470662804f1caeafe30439baef91940b875e,static_inventory_only; representative evidence in review; not individual E2E pass
blockid.au,api_or_handler,/api/evaluations/batch/[id]/members,reports_research_svi,web/src/app/api/evaluations/batch/[id]/members/route.ts,c2e1470662804f1caeafe30439baef91940b875e,static_inventory_only; representative evidence in review; not individual E2E pass
blockid.au,api_or_handler,/api/evaluations/batch/[id]/overrides,reports_research_svi,web/src/app/api/evaluations/batch/[id]/overrides/route.ts,c2e1470662804f1caeafe30439baef91940b875e,static_inventory_only; representative evidence in review; not individual E2E pass
blockid.au,api_or_handler,/api/evaluations/batch/[id]/snapshot,reports_research_svi,web/src/app/api/evaluations/batch/[id]/snapshot/route.ts,c2e1470662804f1caeafe30439baef91940b875e,static_inventory_only; representative evidence in review; not individual E2E pass
blockid.au,api_or_handler,/api/evaluations/batch/[id]/snapshots,reports_research_svi,web/src/app/api/evaluations/batch/[id]/snapshots/route.ts,c2e1470662804f1caeafe30439baef91940b875e,static_inventory_only; representative evidence in review; not individual E2E pass
blockid.au,api_or_handler,/api/evaluations/batch/[id]/weights,reports_research_svi,web/src/app/api/evaluations/batch/[id]/weights/route.ts,c2e1470662804f1caeafe30439baef91940b875e,static_inventory_only; representative evidence in review; not individual E2E pass
blockid.au,api_or_handler,/api/evaluations/batch/demo,reports_research_svi,web/src/app/api/evaluations/batch/demo/route.ts,c2e1470662804f1caeafe30439baef91940b875e,static_inventory_only; representative evidence in review; not individual E2E pass
blockid.au,api_or_handler,/api/evaluations/batch,reports_research_svi,web/src/app/api/evaluations/batch/route.ts,c2e1470662804f1caeafe30439baef91940b875e,static_inventory_only; representative evidence in review; not individual E2E pass
blockid.au,api_or_handler,/api/evaluations/claim/[token],reports_research_svi,web/src/app/api/evaluations/claim/[token]/route.ts,c2e1470662804f1caeafe30439baef91940b875e,static_inventory_only; representative evidence in review; not individual E2E pass
blockid.au,api_or_handler,/api/evaluations,reports_research_svi,web/src/app/api/evaluations/route.ts,c2e1470662804f1caeafe30439baef91940b875e,static_inventory_only; representative evidence in review; not individual E2E pass
blockid.au,api_or_handler,/api/evidence/analyze,reports_research_svi,web/src/app/api/evidence/analyze/route.ts,c2e1470662804f1caeafe30439baef91940b875e,static_inventory_only; representative evidence in review; not individual E2E pass
blockid.au,api_or_handler,/api/evidence/bank-statement,evidence_integrations,web/src/app/api/evidence/bank-statement/route.ts,c2e1470662804f1caeafe30439baef91940b875e,static_inventory_only; representative evidence in review; not individual E2E pass
blockid.au,api_or_handler,/api/evidence/completeness,evidence_integrations,web/src/app/api/evidence/completeness/route.ts,c2e1470662804f1caeafe30439baef91940b875e,static_inventory_only; representative evidence in review; not individual E2E pass
blockid.au,api_or_handler,/api/evidence/connect-url,evidence_integrations,web/src/app/api/evidence/connect-url/route.ts,c2e1470662804f1caeafe30439baef91940b875e,static_inventory_only; representative evidence in review; not individual E2E pass
blockid.au,api_or_handler,/api/evidence/dim/[id],evidence_integrations,web/src/app/api/evidence/dim/[id]/route.ts,c2e1470662804f1caeafe30439baef91940b875e,static_inventory_only; representative evidence in review; not individual E2E pass
blockid.au,api_or_handler,/api/evidence/disconnect,evidence_integrations,web/src/app/api/evidence/disconnect/route.ts,c2e1470662804f1caeafe30439baef91940b875e,static_inventory_only; representative evidence in review; not individual E2E pass
blockid.au,api_or_handler,/api/evidence/founder-signals,evidence_integrations,web/src/app/api/evidence/founder-signals/route.ts,c2e1470662804f1caeafe30439baef91940b875e,static_inventory_only; representative evidence in review; not individual E2E pass
blockid.au,api_or_handler,/api/evidence/rescore,evidence_integrations,web/src/app/api/evidence/rescore/route.ts,c2e1470662804f1caeafe30439baef91940b875e,static_inventory_only; representative evidence in review; not individual E2E pass
blockid.au,api_or_handler,/api/evidence,evidence_integrations,web/src/app/api/evidence/route.ts,c2e1470662804f1caeafe30439baef91940b875e,static_inventory_only; representative evidence in review; not individual E2E pass
blockid.au,api_or_handler,/api/evidence/upload,evidence_integrations,web/src/app/api/evidence/upload/route.ts,c2e1470662804f1caeafe30439baef91940b875e,static_inventory_only; representative evidence in review; not individual E2E pass
blockid.au,api_or_handler,/api/exit-model,public_content_other,web/src/app/api/exit-model/route.ts,c2e1470662804f1caeafe30439baef91940b875e,static_inventory_only; representative evidence in review; not individual E2E pass
blockid.au,api_or_handler,/api/exit-strategy/scenarios/[scenarioId],public_content_other,web/src/app/api/exit-strategy/scenarios/[scenarioId]/route.ts,c2e1470662804f1caeafe30439baef91940b875e,static_inventory_only; representative evidence in review; not individual E2E pass
blockid.au,api_or_handler,/api/exit-strategy/scenarios,public_content_other,web/src/app/api/exit-strategy/scenarios/route.ts,c2e1470662804f1caeafe30439baef91940b875e,static_inventory_only; representative evidence in review; not individual E2E pass
blockid.au,api_or_handler,/api/expenses/[id],public_content_other,web/src/app/api/expenses/[id]/route.ts,c2e1470662804f1caeafe30439baef91940b875e,static_inventory_only; representative evidence in review; not individual E2E pass
blockid.au,api_or_handler,/api/expenses/categorise,public_content_other,web/src/app/api/expenses/categorise/route.ts,c2e1470662804f1caeafe30439baef91940b875e,static_inventory_only; representative evidence in review; not individual E2E pass
blockid.au,api_or_handler,/api/expenses/import,public_content_other,web/src/app/api/expenses/import/route.ts,c2e1470662804f1caeafe30439baef91940b875e,static_inventory_only; representative evidence in review; not individual E2E pass
blockid.au,api_or_handler,/api/expenses,public_content_other,web/src/app/api/expenses/route.ts,c2e1470662804f1caeafe30439baef91940b875e,static_inventory_only; representative evidence in review; not individual E2E pass
blockid.au,api_or_handler,/api/expenses/summary,public_content_other,web/src/app/api/expenses/summary/route.ts,c2e1470662804f1caeafe30439baef91940b875e,static_inventory_only; representative evidence in review; not individual E2E pass
blockid.au,api_or_handler,/api/experiments/expose,public_content_other,web/src/app/api/experiments/expose/route.ts,c2e1470662804f1caeafe30439baef91940b875e,static_inventory_only; representative evidence in review; not individual E2E pass
blockid.au,api_or_handler,/api/feedback,public_content_other,web/src/app/api/feedback/route.ts,c2e1470662804f1caeafe30439baef91940b875e,static_inventory_only; representative evidence in review; not individual E2E pass
blockid.au,api_or_handler,/api/feedback/submit,public_content_other,web/src/app/api/feedback/submit/route.ts,c2e1470662804f1caeafe30439baef91940b875e,static_inventory_only; representative evidence in review; not individual E2E pass
blockid.au,api_or_handler,/api/financial/forecast/[modelId]/export,equity_finance_legal,web/src/app/api/financial/forecast/[modelId]/export/route.ts,c2e1470662804f1caeafe30439baef91940b875e,static_inventory_only; representative evidence in review; not individual E2E pass
blockid.au,api_or_handler,/api/financial/forecast/[modelId]/fetch,equity_finance_legal,web/src/app/api/financial/forecast/[modelId]/fetch/route.ts,c2e1470662804f1caeafe30439baef91940b875e,static_inventory_only; representative evidence in review; not individual E2E pass
blockid.au,api_or_handler,/api/financial/forecast/[modelId],equity_finance_legal,web/src/app/api/financial/forecast/[modelId]/route.ts,c2e1470662804f1caeafe30439baef91940b875e,static_inventory_only; representative evidence in review; not individual E2E pass
blockid.au,api_or_handler,/api/financial/forecast/generate,equity_finance_legal,web/src/app/api/financial/forecast/generate/route.ts,c2e1470662804f1caeafe30439baef91940b875e,static_inventory_only; representative evidence in review; not individual E2E pass
blockid.au,api_or_handler,/api/financial/forecast/save,equity_finance_legal,web/src/app/api/financial/forecast/save/route.ts,c2e1470662804f1caeafe30439baef91940b875e,static_inventory_only; representative evidence in review; not individual E2E pass
blockid.au,api_or_handler,/api/financial-projections,equity_finance_legal,web/src/app/api/financial-projections/route.ts,c2e1470662804f1caeafe30439baef91940b875e,static_inventory_only; representative evidence in review; not individual E2E pass
blockid.au,api_or_handler,/api/founder/competitors/[id],public_content_other,web/src/app/api/founder/competitors/[id]/route.ts,c2e1470662804f1caeafe30439baef91940b875e,static_inventory_only; representative evidence in review; not individual E2E pass
blockid.au,api_or_handler,/api/founder/competitors/ai-fill,public_content_other,web/src/app/api/founder/competitors/ai-fill/route.ts,c2e1470662804f1caeafe30439baef91940b875e,static_inventory_only; representative evidence in review; not individual E2E pass
blockid.au,api_or_handler,/api/founder/competitors,public_content_other,web/src/app/api/founder/competitors/route.ts,c2e1470662804f1caeafe30439baef91940b875e,static_inventory_only; representative evidence in review; not individual E2E pass
blockid.au,api_or_handler,/api/founder/conferences,public_content_other,web/src/app/api/founder/conferences/route.ts,c2e1470662804f1caeafe30439baef91940b875e,static_inventory_only; representative evidence in review; not individual E2E pass
blockid.au,api_or_handler,/api/founder/crm-push,public_content_other,web/src/app/api/founder/crm-push/route.ts,c2e1470662804f1caeafe30439baef91940b875e,static_inventory_only; representative evidence in review; not individual E2E pass
blockid.au,api_or_handler,/api/founder/feedback-letter,public_content_other,web/src/app/api/founder/feedback-letter/route.ts,c2e1470662804f1caeafe30439baef91940b875e,static_inventory_only; representative evidence in review; not individual E2E pass
blockid.au,api_or_handler,/api/founder/gtm/ai-fill,public_content_other,web/src/app/api/founder/gtm/ai-fill/route.ts,c2e1470662804f1caeafe30439baef91940b875e,static_inventory_only; representative evidence in review; not individual E2E pass
blockid.au,api_or_handler,/api/founder/gtm,public_content_other,web/src/app/api/founder/gtm/route.ts,c2e1470662804f1caeafe30439baef91940b875e,static_inventory_only; representative evidence in review; not individual E2E pass
blockid.au,api_or_handler,/api/founder/health-score,public_content_other,web/src/app/api/founder/health-score/route.ts,c2e1470662804f1caeafe30439baef91940b875e,static_inventory_only; representative evidence in review; not individual E2E pass
blockid.au,api_or_handler,/api/founder/pitch-video,reports_research_svi,web/src/app/api/founder/pitch-video/route.ts,c2e1470662804f1caeafe30439baef91940b875e,static_inventory_only; representative evidence in review; not individual E2E pass
blockid.au,api_or_handler,/api/founder/pricing-tiers/[id],billing_credits,web/src/app/api/founder/pricing-tiers/[id]/route.ts,c2e1470662804f1caeafe30439baef91940b875e,static_inventory_only; representative evidence in review; not individual E2E pass
blockid.au,api_or_handler,/api/founder/pricing-tiers/ai-fill,billing_credits,web/src/app/api/founder/pricing-tiers/ai-fill/route.ts,c2e1470662804f1caeafe30439baef91940b875e,static_inventory_only; representative evidence in review; not individual E2E pass
blockid.au,api_or_handler,/api/founder/pricing-tiers,billing_credits,web/src/app/api/founder/pricing-tiers/route.ts,c2e1470662804f1caeafe30439baef91940b875e,static_inventory_only; representative evidence in review; not individual E2E pass
blockid.au,api_or_handler,/api/founder/revenue-90d,public_content_other,web/src/app/api/founder/revenue-90d/route.ts,c2e1470662804f1caeafe30439baef91940b875e,static_inventory_only; representative evidence in review; not individual E2E pass
blockid.au,api_or_handler,/api/founder/roadmap/[id],public_content_other,web/src/app/api/founder/roadmap/[id]/route.ts,c2e1470662804f1caeafe30439baef91940b875e,static_inventory_only; representative evidence in review; not individual E2E pass
blockid.au,api_or_handler,/api/founder/roadmap/ai-fill,public_content_other,web/src/app/api/founder/roadmap/ai-fill/route.ts,c2e1470662804f1caeafe30439baef91940b875e,static_inventory_only; representative evidence in review; not individual E2E pass
blockid.au,api_or_handler,/api/founder/roadmap,public_content_other,web/src/app/api/founder/roadmap/route.ts,c2e1470662804f1caeafe30439baef91940b875e,static_inventory_only; representative evidence in review; not individual E2E pass
blockid.au,api_or_handler,/api/founder/team/[id],public_content_other,web/src/app/api/founder/team/[id]/route.ts,c2e1470662804f1caeafe30439baef91940b875e,static_inventory_only; representative evidence in review; not individual E2E pass
blockid.au,api_or_handler,/api/founder/team/ai-fill,public_content_other,web/src/app/api/founder/team/ai-fill/route.ts,c2e1470662804f1caeafe30439baef91940b875e,static_inventory_only; representative evidence in review; not individual E2E pass
blockid.au,api_or_handler,/api/founder/team,public_content_other,web/src/app/api/founder/team/route.ts,c2e1470662804f1caeafe30439baef91940b875e,static_inventory_only; representative evidence in review; not individual E2E pass
blockid.au,api_or_handler,/api/founder/tech-analysis,reports_research_svi,web/src/app/api/founder/tech-analysis/route.ts,c2e1470662804f1caeafe30439baef91940b875e,static_inventory_only; representative evidence in review; not individual E2E pass
blockid.au,api_or_handler,/api/founder-notifications/read,public_content_other,web/src/app/api/founder-notifications/read/route.ts,c2e1470662804f1caeafe30439baef91940b875e,static_inventory_only; representative evidence in review; not individual E2E pass
blockid.au,api_or_handler,/api/founder-notifications,public_content_other,web/src/app/api/founder-notifications/route.ts,c2e1470662804f1caeafe30439baef91940b875e,static_inventory_only; representative evidence in review; not individual E2E pass
blockid.au,api_or_handler,/api/founder-pain-points,public_content_other,web/src/app/api/founder-pain-points/route.ts,c2e1470662804f1caeafe30439baef91940b875e,static_inventory_only; representative evidence in review; not individual E2E pass
blockid.au,api_or_handler,/api/founder-profile/import-linkedin,public_content_other,web/src/app/api/founder-profile/import-linkedin/route.ts,c2e1470662804f1caeafe30439baef91940b875e,static_inventory_only; representative evidence in review; not individual E2E pass
blockid.au,api_or_handler,/api/founder-profile/locale,public_content_other,web/src/app/api/founder-profile/locale/route.ts,c2e1470662804f1caeafe30439baef91940b875e,static_inventory_only; representative evidence in review; not individual E2E pass
blockid.au,api_or_handler,/api/founder-profile,public_content_other,web/src/app/api/founder-profile/route.ts,c2e1470662804f1caeafe30439baef91940b875e,static_inventory_only; representative evidence in review; not individual E2E pass
blockid.au,api_or_handler,/api/founding50/spots,public_content_other,web/src/app/api/founding50/spots/route.ts,c2e1470662804f1caeafe30439baef91940b875e,static_inventory_only; representative evidence in review; not individual E2E pass
blockid.au,api_or_handler,/api/founding50/waitlist,public_content_other,web/src/app/api/founding50/waitlist/route.ts,c2e1470662804f1caeafe30439baef91940b875e,static_inventory_only; representative evidence in review; not individual E2E pass
blockid.au,api_or_handler,/api/funding/calendar-token,equity_finance_legal,web/src/app/api/funding/calendar-token/route.ts,c2e1470662804f1caeafe30439baef91940b875e,static_inventory_only; representative evidence in review; not individual E2E pass
blockid.au,api_or_handler,/api/funding/calendar.ics,founder_growth_tools,web/src/app/api/funding/calendar.ics/route.ts,c2e1470662804f1caeafe30439baef91940b875e,static_inventory_only; representative evidence in review; not individual E2E pass
blockid.au,api_or_handler,/api/funding/checkout,billing_credits,web/src/app/api/funding/checkout/route.ts,c2e1470662804f1caeafe30439baef91940b875e,static_inventory_only; representative evidence in review; not individual E2E pass
blockid.au,api_or_handler,/api/funding/draft,founder_growth_tools,web/src/app/api/funding/draft/route.ts,c2e1470662804f1caeafe30439baef91940b875e,static_inventory_only; representative evidence in review; not individual E2E pass
blockid.au,api_or_handler,/api/funding/preview,founder_growth_tools,web/src/app/api/funding/preview/route.ts,c2e1470662804f1caeafe30439baef91940b875e,static_inventory_only; representative evidence in review; not individual E2E pass
blockid.au,api_or_handler,/api/funding/report/[id]/pdf,reports_research_svi,web/src/app/api/funding/report/[id]/pdf/route.ts,c2e1470662804f1caeafe30439baef91940b875e,static_inventory_only; representative evidence in review; not individual E2E pass
blockid.au,api_or_handler,/api/funding/report/[id],reports_research_svi,web/src/app/api/funding/report/[id]/route.ts,c2e1470662804f1caeafe30439baef91940b875e,static_inventory_only; representative evidence in review; not individual E2E pass
blockid.au,api_or_handler,/api/funding/report/[id]/save-to-dataroom,reports_research_svi,web/src/app/api/funding/report/[id]/save-to-dataroom/route.ts,c2e1470662804f1caeafe30439baef91940b875e,static_inventory_only; representative evidence in review; not individual E2E pass
blockid.au,api_or_handler,/api/funding/report,reports_research_svi,web/src/app/api/funding/report/route.ts,c2e1470662804f1caeafe30439baef91940b875e,static_inventory_only; representative evidence in review; not individual E2E pass
blockid.au,api_or_handler,/api/funding-readiness,founder_growth_tools,web/src/app/api/funding-readiness/route.ts,c2e1470662804f1caeafe30439baef91940b875e,static_inventory_only; representative evidence in review; not individual E2E pass
blockid.au,api_or_handler,/api/fundraise/[roundId]/activate,equity_finance_legal,web/src/app/api/fundraise/[roundId]/activate/route.ts,c2e1470662804f1caeafe30439baef91940b875e,static_inventory_only; representative evidence in review; not individual E2E pass
blockid.au,api_or_handler,/api/fundraise/[roundId]/commitments/[commitmentId],equity_finance_legal,web/src/app/api/fundraise/[roundId]/commitments/[commitmentId]/route.ts,c2e1470662804f1caeafe30439baef91940b875e,static_inventory_only; representative evidence in review; not individual E2E pass
blockid.au,api_or_handler,/api/fundraise/[roundId]/commitments,equity_finance_legal,web/src/app/api/fundraise/[roundId]/commitments/route.ts,c2e1470662804f1caeafe30439baef91940b875e,static_inventory_only; representative evidence in review; not individual E2E pass
blockid.au,api_or_handler,/api/fundraise/[roundId],equity_finance_legal,web/src/app/api/fundraise/[roundId]/route.ts,c2e1470662804f1caeafe30439baef91940b875e,static_inventory_only; representative evidence in review; not individual E2E pass
blockid.au,api_or_handler,/api/fundraise/[roundId]/summary,equity_finance_legal,web/src/app/api/fundraise/[roundId]/summary/route.ts,c2e1470662804f1caeafe30439baef91940b875e,static_inventory_only; representative evidence in review; not individual E2E pass
blockid.au,api_or_handler,/api/fundraise/readiness,equity_finance_legal,web/src/app/api/fundraise/readiness/route.ts,c2e1470662804f1caeafe30439baef91940b875e,static_inventory_only; representative evidence in review; not individual E2E pass
blockid.au,api_or_handler,/api/fundraise,equity_finance_legal,web/src/app/api/fundraise/route.ts,c2e1470662804f1caeafe30439baef91940b875e,static_inventory_only; representative evidence in review; not individual E2E pass
blockid.au,api_or_handler,/api/guest-analysis/create-order,reports_research_svi,web/src/app/api/guest-analysis/create-order/route.ts,c2e1470662804f1caeafe30439baef91940b875e,static_inventory_only; representative evidence in review; not individual E2E pass
blockid.au,api_or_handler,/api/guest-analysis/resume/[token],reports_research_svi,web/src/app/api/guest-analysis/resume/[token]/route.ts,c2e1470662804f1caeafe30439baef91940b875e,static_inventory_only; representative evidence in review; not individual E2E pass
blockid.au,api_or_handler,/api/guest-analysis/status/[id],admin_operations,web/src/app/api/guest-analysis/status/[id]/route.ts,c2e1470662804f1caeafe30439baef91940b875e,static_inventory_only; representative evidence in review; not individual E2E pass
blockid.au,api_or_handler,/api/guest-analysis/upload-pitch,reports_research_svi,web/src/app/api/guest-analysis/upload-pitch/route.ts,c2e1470662804f1caeafe30439baef91940b875e,static_inventory_only; representative evidence in review; not individual E2E pass
blockid.au,api_or_handler,/api/health,public_content_other,web/src/app/api/health/route.ts,c2e1470662804f1caeafe30439baef91940b875e,static_inventory_only; representative evidence in review; not individual E2E pass
blockid.au,api_or_handler,/api/health/stripe,billing_credits,web/src/app/api/health/stripe/route.ts,c2e1470662804f1caeafe30439baef91940b875e,static_inventory_only; representative evidence in review; not individual E2E pass
blockid.au,api_or_handler,/api/healthz,public_content_other,web/src/app/api/healthz/route.ts,c2e1470662804f1caeafe30439baef91940b875e,static_inventory_only; representative evidence in review; not individual E2E pass
blockid.au,api_or_handler,/api/hero/analyze,reports_research_svi,web/src/app/api/hero/analyze/route.ts,c2e1470662804f1caeafe30439baef91940b875e,static_inventory_only; representative evidence in review; not individual E2E pass
blockid.au,api_or_handler,/api/history/[startup_id],public_content_other,web/src/app/api/history/[startup_id]/route.ts,c2e1470662804f1caeafe30439baef91940b875e,static_inventory_only; representative evidence in review; not individual E2E pass
blockid.au,api_or_handler,/api/history/ingest,public_content_other,web/src/app/api/history/ingest/route.ts,c2e1470662804f1caeafe30439baef91940b875e,static_inventory_only; representative evidence in review; not individual E2E pass
blockid.au,api_or_handler,/api/history,public_content_other,web/src/app/api/history/route.ts,c2e1470662804f1caeafe30439baef91940b875e,static_inventory_only; representative evidence in review; not individual E2E pass
blockid.au,api_or_handler,/api/i18n/cache,public_content_other,web/src/app/api/i18n/cache/route.ts,c2e1470662804f1caeafe30439baef91940b875e,static_inventory_only; representative evidence in review; not individual E2E pass
blockid.au,api_or_handler,/api/i18n/stats,public_content_other,web/src/app/api/i18n/stats/route.ts,c2e1470662804f1caeafe30439baef91940b875e,static_inventory_only; representative evidence in review; not individual E2E pass
blockid.au,api_or_handler,/api/i18n/translate,public_content_other,web/src/app/api/i18n/translate/route.ts,c2e1470662804f1caeafe30439baef91940b875e,static_inventory_only; representative evidence in review; not individual E2E pass
blockid.au,api_or_handler,/api/idea-estimate,public_content_other,web/src/app/api/idea-estimate/route.ts,c2e1470662804f1caeafe30439baef91940b875e,static_inventory_only; representative evidence in review; not individual E2E pass
blockid.au,api_or_handler,/api/idea-lab,public_content_other,web/src/app/api/idea-lab/route.ts,c2e1470662804f1caeafe30439baef91940b875e,static_inventory_only; representative evidence in review; not individual E2E pass
blockid.au,api_or_handler,/api/idea-questions,public_content_other,web/src/app/api/idea-questions/route.ts,c2e1470662804f1caeafe30439baef91940b875e,static_inventory_only; representative evidence in review; not individual E2E pass
blockid.au,api_or_handler,/api/index/headlines,public_content_other,web/src/app/api/index/headlines/route.ts,c2e1470662804f1caeafe30439baef91940b875e,static_inventory_only; representative evidence in review; not individual E2E pass
blockid.au,api_or_handler,/api/index/listing/[ticker],public_content_other,web/src/app/api/index/listing/[ticker]/route.ts,c2e1470662804f1caeafe30439baef91940b875e,static_inventory_only; representative evidence in review; not individual E2E pass
blockid.au,api_or_handler,/api/index/listings,reports_research_svi,web/src/app/api/index/listings/route.ts,c2e1470662804f1caeafe30439baef91940b875e,static_inventory_only; representative evidence in review; not individual E2E pass
blockid.au,api_or_handler,/api/index/submit,public_content_other,web/src/app/api/index/submit/route.ts,c2e1470662804f1caeafe30439baef91940b875e,static_inventory_only; representative evidence in review; not individual E2E pass
blockid.au,api_or_handler,/api/index/svi,reports_research_svi,web/src/app/api/index/svi/route.ts,c2e1470662804f1caeafe30439baef91940b875e,static_inventory_only; representative evidence in review; not individual E2E pass
blockid.au,api_or_handler,/api/index/waitlist,public_content_other,web/src/app/api/index/waitlist/route.ts,c2e1470662804f1caeafe30439baef91940b875e,static_inventory_only; representative evidence in review; not individual E2E pass
blockid.au,api_or_handler,/api/insights,public_content_other,web/src/app/api/insights/route.ts,c2e1470662804f1caeafe30439baef91940b875e,static_inventory_only; representative evidence in review; not individual E2E pass
blockid.au,api_or_handler,/api/intake/[slug]/submit,public_content_other,web/src/app/api/intake/[slug]/submit/route.ts,c2e1470662804f1caeafe30439baef91940b875e,static_inventory_only; representative evidence in review; not individual E2E pass
blockid.au,api_or_handler,/api/intake/links/[id]/export.csv,public_content_other,web/src/app/api/intake/links/[id]/export.csv/route.ts,c2e1470662804f1caeafe30439baef91940b875e,static_inventory_only; representative evidence in review; not individual E2E pass
blockid.au,api_or_handler,/api/intake/links/[id],public_content_other,web/src/app/api/intake/links/[id]/route.ts,c2e1470662804f1caeafe30439baef91940b875e,static_inventory_only; representative evidence in review; not individual E2E pass
blockid.au,api_or_handler,/api/intake/links,public_content_other,web/src/app/api/intake/links/route.ts,c2e1470662804f1caeafe30439baef91940b875e,static_inventory_only; representative evidence in review; not individual E2E pass
blockid.au,api_or_handler,/api/intake,public_content_other,web/src/app/api/intake/route.ts,c2e1470662804f1caeafe30439baef91940b875e,static_inventory_only; representative evidence in review; not individual E2E pass
blockid.au,api_or_handler,/api/intake/submissions/[id],public_content_other,web/src/app/api/intake/submissions/[id]/route.ts,c2e1470662804f1caeafe30439baef91940b875e,static_inventory_only; representative evidence in review; not individual E2E pass
blockid.au,api_or_handler,/api/intake/templates/[id],public_content_other,web/src/app/api/intake/templates/[id]/route.ts,c2e1470662804f1caeafe30439baef91940b875e,static_inventory_only; representative evidence in review; not individual E2E pass
blockid.au,api_or_handler,/api/intake/templates,public_content_other,web/src/app/api/intake/templates/route.ts,c2e1470662804f1caeafe30439baef91940b875e,static_inventory_only; representative evidence in review; not individual E2E pass
blockid.au,api_or_handler,/api/integrations/[provider]/sync,evidence_integrations,web/src/app/api/integrations/[provider]/sync/route.ts,c2e1470662804f1caeafe30439baef91940b875e,static_inventory_only; representative evidence in review; not individual E2E pass
blockid.au,api_or_handler,/api/integrations/ga4/callback,evidence_integrations,web/src/app/api/integrations/ga4/callback/route.ts,c2e1470662804f1caeafe30439baef91940b875e,static_inventory_only; representative evidence in review; not individual E2E pass
blockid.au,api_or_handler,/api/integrations/ga4,evidence_integrations,web/src/app/api/integrations/ga4/route.ts,c2e1470662804f1caeafe30439baef91940b875e,static_inventory_only; representative evidence in review; not individual E2E pass
blockid.au,api_or_handler,/api/integrations/github/callback,evidence_integrations,web/src/app/api/integrations/github/callback/route.ts,c2e1470662804f1caeafe30439baef91940b875e,static_inventory_only; representative evidence in review; not individual E2E pass
blockid.au,api_or_handler,/api/integrations/github/manual,evidence_integrations,web/src/app/api/integrations/github/manual/route.ts,c2e1470662804f1caeafe30439baef91940b875e,static_inventory_only; representative evidence in review; not individual E2E pass
blockid.au,api_or_handler,/api/integrations/github,evidence_integrations,web/src/app/api/integrations/github/route.ts,c2e1470662804f1caeafe30439baef91940b875e,static_inventory_only; representative evidence in review; not individual E2E pass
blockid.au,api_or_handler,/api/integrations/github/start,evidence_integrations,web/src/app/api/integrations/github/start/route.ts,c2e1470662804f1caeafe30439baef91940b875e,static_inventory_only; representative evidence in review; not individual E2E pass
blockid.au,api_or_handler,/api/integrations/google-analytics/callback,reports_research_svi,web/src/app/api/integrations/google-analytics/callback/route.ts,c2e1470662804f1caeafe30439baef91940b875e,static_inventory_only; representative evidence in review; not individual E2E pass
blockid.au,api_or_handler,/api/integrations/google-analytics/start,reports_research_svi,web/src/app/api/integrations/google-analytics/start/route.ts,c2e1470662804f1caeafe30439baef91940b875e,static_inventory_only; representative evidence in review; not individual E2E pass
blockid.au,api_or_handler,/api/integrations,evidence_integrations,web/src/app/api/integrations/route.ts,c2e1470662804f1caeafe30439baef91940b875e,static_inventory_only; representative evidence in review; not individual E2E pass
blockid.au,api_or_handler,/api/integrations/stripe/callback,billing_credits,web/src/app/api/integrations/stripe/callback/route.ts,c2e1470662804f1caeafe30439baef91940b875e,static_inventory_only; representative evidence in review; not individual E2E pass
blockid.au,api_or_handler,/api/integrations/stripe,billing_credits,web/src/app/api/integrations/stripe/route.ts,c2e1470662804f1caeafe30439baef91940b875e,static_inventory_only; representative evidence in review; not individual E2E pass
blockid.au,api_or_handler,/api/internal/ai-complete,public_content_other,web/src/app/api/internal/ai-complete/route.ts,c2e1470662804f1caeafe30439baef91940b875e,static_inventory_only; representative evidence in review; not individual E2E pass
blockid.au,api_or_handler,/api/internal/svi/account-status,reports_research_svi,web/src/app/api/internal/svi/account-status/route.ts,c2e1470662804f1caeafe30439baef91940b875e,static_inventory_only; representative evidence in review; not individual E2E pass
blockid.au,api_or_handler,/api/investor/dealflow,investor_programs,web/src/app/api/investor/dealflow/route.ts,c2e1470662804f1caeafe30439baef91940b875e,static_inventory_only; representative evidence in review; not individual E2E pass
blockid.au,api_or_handler,/api/investor/dealflow/views,investor_programs,web/src/app/api/investor/dealflow/views/route.ts,c2e1470662804f1caeafe30439baef91940b875e,static_inventory_only; representative evidence in review; not individual E2E pass
blockid.au,api_or_handler,/api/investor/mandates/[id]/fit,investor_programs,web/src/app/api/investor/mandates/[id]/fit/route.ts,c2e1470662804f1caeafe30439baef91940b875e,static_inventory_only; representative evidence in review; not individual E2E pass
blockid.au,api_or_handler,/api/investor/mandates,investor_programs,web/src/app/api/investor/mandates/route.ts,c2e1470662804f1caeafe30439baef91940b875e,static_inventory_only; representative evidence in review; not individual E2E pass
blockid.au,api_or_handler,/api/investor/organisation/accept,investor_programs,web/src/app/api/investor/organisation/accept/route.ts,c2e1470662804f1caeafe30439baef91940b875e,static_inventory_only; representative evidence in review; not individual E2E pass
blockid.au,api_or_handler,/api/investor/organisation,investor_programs,web/src/app/api/investor/organisation/route.ts,c2e1470662804f1caeafe30439baef91940b875e,static_inventory_only; representative evidence in review; not individual E2E pass
blockid.au,api_or_handler,/api/investor/preferences,investor_programs,web/src/app/api/investor/preferences/route.ts,c2e1470662804f1caeafe30439baef91940b875e,static_inventory_only; representative evidence in review; not individual E2E pass
blockid.au,api_or_handler,/api/investor-data-room,investor_programs,web/src/app/api/investor-data-room/route.ts,c2e1470662804f1caeafe30439baef91940b875e,static_inventory_only; representative evidence in review; not individual E2E pass
blockid.au,api_or_handler,/api/investor-link,investor_programs,web/src/app/api/investor-link/route.ts,c2e1470662804f1caeafe30439baef91940b875e,static_inventory_only; representative evidence in review; not individual E2E pass
blockid.au,api_or_handler,/api/investor-pack/download/[shareId],investor_programs,web/src/app/api/investor-pack/download/[shareId]/route.ts,c2e1470662804f1caeafe30439baef91940b875e,static_inventory_only; representative evidence in review; not individual E2E pass
blockid.au,api_or_handler,/api/investor-pack/generate,investor_programs,web/src/app/api/investor-pack/generate/route.ts,c2e1470662804f1caeafe30439baef91940b875e,static_inventory_only; representative evidence in review; not individual E2E pass
blockid.au,api_or_handler,/api/investor-pack/one-click,investor_programs,web/src/app/api/investor-pack/one-click/route.ts,c2e1470662804f1caeafe30439baef91940b875e,static_inventory_only; representative evidence in review; not individual E2E pass
blockid.au,api_or_handler,/api/investor-pack/preview,investor_programs,web/src/app/api/investor-pack/preview/route.ts,c2e1470662804f1caeafe30439baef91940b875e,static_inventory_only; representative evidence in review; not individual E2E pass
blockid.au,api_or_handler,/api/investor-portal/ai-generate,investor_programs,web/src/app/api/investor-portal/ai-generate/route.ts,c2e1470662804f1caeafe30439baef91940b875e,static_inventory_only; representative evidence in review; not individual E2E pass
blockid.au,api_or_handler,/api/investor-unsubscribe,investor_programs,web/src/app/api/investor-unsubscribe/route.ts,c2e1470662804f1caeafe30439baef91940b875e,static_inventory_only; representative evidence in review; not individual E2E pass
blockid.au,api_or_handler,/api/investors/crm/contacts/[contactId],investor_programs,web/src/app/api/investors/crm/contacts/[contactId]/route.ts,c2e1470662804f1caeafe30439baef91940b875e,static_inventory_only; representative evidence in review; not individual E2E pass
blockid.au,api_or_handler,/api/investors/crm/contacts/[contactId]/touchpoints,investor_programs,web/src/app/api/investors/crm/contacts/[contactId]/touchpoints/route.ts,c2e1470662804f1caeafe30439baef91940b875e,static_inventory_only; representative evidence in review; not individual E2E pass
blockid.au,api_or_handler,/api/investors/crm/contacts,investor_programs,web/src/app/api/investors/crm/contacts/route.ts,c2e1470662804f1caeafe30439baef91940b875e,static_inventory_only; representative evidence in review; not individual E2E pass
blockid.au,api_or_handler,/api/investors/crm/export.csv,investor_programs,web/src/app/api/investors/crm/export.csv/route.ts,c2e1470662804f1caeafe30439baef91940b875e,static_inventory_only; representative evidence in review; not individual E2E pass
blockid.au,api_or_handler,/api/investors/crm/import,investor_programs,web/src/app/api/investors/crm/import/route.ts,c2e1470662804f1caeafe30439baef91940b875e,static_inventory_only; representative evidence in review; not individual E2E pass
blockid.au,api_or_handler,/api/investors/crm/pipeline,investor_programs,web/src/app/api/investors/crm/pipeline/route.ts,c2e1470662804f1caeafe30439baef91940b875e,static_inventory_only; representative evidence in review; not individual E2E pass
blockid.au,api_or_handler,/api/investors/intro,investor_programs,web/src/app/api/investors/intro/route.ts,c2e1470662804f1caeafe30439baef91940b875e,static_inventory_only; representative evidence in review; not individual E2E pass
blockid.au,api_or_handler,/api/journal/[id],public_content_other,web/src/app/api/journal/[id]/route.ts,c2e1470662804f1caeafe30439baef91940b875e,static_inventory_only; representative evidence in review; not individual E2E pass
blockid.au,api_or_handler,/api/journal/reflect,public_content_other,web/src/app/api/journal/reflect/route.ts,c2e1470662804f1caeafe30439baef91940b875e,static_inventory_only; representative evidence in review; not individual E2E pass
blockid.au,api_or_handler,/api/journal,public_content_other,web/src/app/api/journal/route.ts,c2e1470662804f1caeafe30439baef91940b875e,static_inventory_only; representative evidence in review; not individual E2E pass
blockid.au,api_or_handler,/api/kb/articles/[slug],public_content_other,web/src/app/api/kb/articles/[slug]/route.ts,c2e1470662804f1caeafe30439baef91940b875e,static_inventory_only; representative evidence in review; not individual E2E pass
blockid.au,api_or_handler,/api/kb/articles,public_content_other,web/src/app/api/kb/articles/route.ts,c2e1470662804f1caeafe30439baef91940b875e,static_inventory_only; representative evidence in review; not individual E2E pass
blockid.au,api_or_handler,/api/kb/export/[filename],public_content_other,web/src/app/api/kb/export/[filename]/route.ts,c2e1470662804f1caeafe30439baef91940b875e,static_inventory_only; representative evidence in review; not individual E2E pass
blockid.au,api_or_handler,/api/kb/export,public_content_other,web/src/app/api/kb/export/route.ts,c2e1470662804f1caeafe30439baef91940b875e,static_inventory_only; representative evidence in review; not individual E2E pass
blockid.au,api_or_handler,/api/kb/methodologies,public_content_other,web/src/app/api/kb/methodologies/route.ts,c2e1470662804f1caeafe30439baef91940b875e,static_inventory_only; representative evidence in review; not individual E2E pass
blockid.au,api_or_handler,/api/kb/search,public_content_other,web/src/app/api/kb/search/route.ts,c2e1470662804f1caeafe30439baef91940b875e,static_inventory_only; representative evidence in review; not individual E2E pass
blockid.au,api_or_handler,/api/keys/[id],public_content_other,web/src/app/api/keys/[id]/route.ts,c2e1470662804f1caeafe30439baef91940b875e,static_inventory_only; representative evidence in review; not individual E2E pass
blockid.au,api_or_handler,/api/keys,public_content_other,web/src/app/api/keys/route.ts,c2e1470662804f1caeafe30439baef91940b875e,static_inventory_only; representative evidence in review; not individual E2E pass
blockid.au,api_or_handler,/api/knowledge-base,public_content_other,web/src/app/api/knowledge-base/route.ts,c2e1470662804f1caeafe30439baef91940b875e,static_inventory_only; representative evidence in review; not individual E2E pass
blockid.au,api_or_handler,/api/landing-page/preview,public_content_other,web/src/app/api/landing-page/preview/route.ts,c2e1470662804f1caeafe30439baef91940b875e,static_inventory_only; representative evidence in review; not individual E2E pass
blockid.au,api_or_handler,/api/landing-page/publish,public_content_other,web/src/app/api/landing-page/publish/route.ts,c2e1470662804f1caeafe30439baef91940b875e,static_inventory_only; representative evidence in review; not individual E2E pass
blockid.au,api_or_handler,/api/lead,public_content_other,web/src/app/api/lead/route.ts,c2e1470662804f1caeafe30439baef91940b875e,static_inventory_only; representative evidence in review; not individual E2E pass
blockid.au,api_or_handler,/api/legal/ack,equity_finance_legal,web/src/app/api/legal/ack/route.ts,c2e1470662804f1caeafe30439baef91940b875e,static_inventory_only; representative evidence in review; not individual E2E pass
blockid.au,api_or_handler,/api/legal/current-versions,equity_finance_legal,web/src/app/api/legal/current-versions/route.ts,c2e1470662804f1caeafe30439baef91940b875e,static_inventory_only; representative evidence in review; not individual E2E pass
blockid.au,api_or_handler,/api/legal/wholesale-verify,equity_finance_legal,web/src/app/api/legal/wholesale-verify/route.ts,c2e1470662804f1caeafe30439baef91940b875e,static_inventory_only; representative evidence in review; not individual E2E pass
blockid.au,api_or_handler,/api/listing/profile,public_content_other,web/src/app/api/listing/profile/route.ts,c2e1470662804f1caeafe30439baef91940b875e,static_inventory_only; representative evidence in review; not individual E2E pass
blockid.au,api_or_handler,/api/listing/readiness/pdf,public_content_other,web/src/app/api/listing/readiness/pdf/route.ts,c2e1470662804f1caeafe30439baef91940b875e,static_inventory_only; representative evidence in review; not individual E2E pass
blockid.au,api_or_handler,/api/listing/readiness,public_content_other,web/src/app/api/listing/readiness/route.ts,c2e1470662804f1caeafe30439baef91940b875e,static_inventory_only; representative evidence in review; not individual E2E pass
blockid.au,api_or_handler,/api/mentor/[founderId],investor_programs,web/src/app/api/mentor/[founderId]/route.ts,c2e1470662804f1caeafe30439baef91940b875e,static_inventory_only; representative evidence in review; not individual E2E pass
blockid.au,api_or_handler,/api/mentor/access-grant/[grantId],investor_programs,web/src/app/api/mentor/access-grant/[grantId]/route.ts,c2e1470662804f1caeafe30439baef91940b875e,static_inventory_only; representative evidence in review; not individual E2E pass
blockid.au,api_or_handler,/api/mentor/access-request,investor_programs,web/src/app/api/mentor/access-request/route.ts,c2e1470662804f1caeafe30439baef91940b875e,static_inventory_only; representative evidence in review; not individual E2E pass
blockid.au,api_or_handler,/api/mentor/check-ins,investor_programs,web/src/app/api/mentor/check-ins/route.ts,c2e1470662804f1caeafe30439baef91940b875e,static_inventory_only; representative evidence in review; not individual E2E pass
blockid.au,api_or_handler,/api/mentor/notes,investor_programs,web/src/app/api/mentor/notes/route.ts,c2e1470662804f1caeafe30439baef91940b875e,static_inventory_only; representative evidence in review; not individual E2E pass
blockid.au,api_or_handler,/api/mentor/roster,investor_programs,web/src/app/api/mentor/roster/route.ts,c2e1470662804f1caeafe30439baef91940b875e,static_inventory_only; representative evidence in review; not individual E2E pass
blockid.au,api_or_handler,/api/metrics,public_content_other,web/src/app/api/metrics/route.ts,c2e1470662804f1caeafe30439baef91940b875e,static_inventory_only; representative evidence in review; not individual E2E pass
blockid.au,api_or_handler,/api/next-best-action,public_content_other,web/src/app/api/next-best-action/route.ts,c2e1470662804f1caeafe30439baef91940b875e,static_inventory_only; representative evidence in review; not individual E2E pass
blockid.au,api_or_handler,/api/notifications/[id]/read,public_content_other,web/src/app/api/notifications/[id]/read/route.ts,c2e1470662804f1caeafe30439baef91940b875e,static_inventory_only; representative evidence in review; not individual E2E pass
blockid.au,api_or_handler,/api/notifications/read-all,public_content_other,web/src/app/api/notifications/read-all/route.ts,c2e1470662804f1caeafe30439baef91940b875e,static_inventory_only; representative evidence in review; not individual E2E pass
blockid.au,api_or_handler,/api/notifications,public_content_other,web/src/app/api/notifications/route.ts,c2e1470662804f1caeafe30439baef91940b875e,static_inventory_only; representative evidence in review; not individual E2E pass
blockid.au,api_or_handler,/api/nps,public_content_other,web/src/app/api/nps/route.ts,c2e1470662804f1caeafe30439baef91940b875e,static_inventory_only; representative evidence in review; not individual E2E pass
blockid.au,api_or_handler,/api/nudge/next-steps,public_content_other,web/src/app/api/nudge/next-steps/route.ts,c2e1470662804f1caeafe30439baef91940b875e,static_inventory_only; representative evidence in review; not individual E2E pass
blockid.au,api_or_handler,/api/oauth/ga4/callback,evidence_integrations,web/src/app/api/oauth/ga4/callback/route.ts,c2e1470662804f1caeafe30439baef91940b875e,static_inventory_only; representative evidence in review; not individual E2E pass
blockid.au,api_or_handler,/api/oauth/ga4,evidence_integrations,web/src/app/api/oauth/ga4/route.ts,c2e1470662804f1caeafe30439baef91940b875e,static_inventory_only; representative evidence in review; not individual E2E pass
blockid.au,api_or_handler,/api/oauth/github/callback,evidence_integrations,web/src/app/api/oauth/github/callback/route.ts,c2e1470662804f1caeafe30439baef91940b875e,static_inventory_only; representative evidence in review; not individual E2E pass
blockid.au,api_or_handler,/api/oauth/github,evidence_integrations,web/src/app/api/oauth/github/route.ts,c2e1470662804f1caeafe30439baef91940b875e,static_inventory_only; representative evidence in review; not individual E2E pass
blockid.au,api_or_handler,/api/oauth/linkedin/callback,evidence_integrations,web/src/app/api/oauth/linkedin/callback/route.ts,c2e1470662804f1caeafe30439baef91940b875e,static_inventory_only; representative evidence in review; not individual E2E pass
blockid.au,api_or_handler,/api/oauth/linkedin,evidence_integrations,web/src/app/api/oauth/linkedin/route.ts,c2e1470662804f1caeafe30439baef91940b875e,static_inventory_only; representative evidence in review; not individual E2E pass
blockid.au,api_or_handler,/api/oauth/stripe/callback,billing_credits,web/src/app/api/oauth/stripe/callback/route.ts,c2e1470662804f1caeafe30439baef91940b875e,static_inventory_only; representative evidence in review; not individual E2E pass
blockid.au,api_or_handler,/api/oauth/stripe,billing_credits,web/src/app/api/oauth/stripe/route.ts,c2e1470662804f1caeafe30439baef91940b875e,static_inventory_only; representative evidence in review; not individual E2E pass
blockid.au,api_or_handler,/api/oauth/xero/callback,evidence_integrations,web/src/app/api/oauth/xero/callback/route.ts,c2e1470662804f1caeafe30439baef91940b875e,static_inventory_only; representative evidence in review; not individual E2E pass
blockid.au,api_or_handler,/api/oauth/xero,evidence_integrations,web/src/app/api/oauth/xero/route.ts,c2e1470662804f1caeafe30439baef91940b875e,static_inventory_only; representative evidence in review; not individual E2E pass
blockid.au,api_or_handler,/api/og/score,reports_research_svi,web/src/app/api/og/score/route.tsx,c2e1470662804f1caeafe30439baef91940b875e,static_inventory_only; representative evidence in review; not individual E2E pass
blockid.au,api_or_handler,/api/og/svi,reports_research_svi,web/src/app/api/og/svi/route.tsx,c2e1470662804f1caeafe30439baef91940b875e,static_inventory_only; representative evidence in review; not individual E2E pass
blockid.au,api_or_handler,/api/onboarding/complete,identity_projects,web/src/app/api/onboarding/complete/route.ts,c2e1470662804f1caeafe30439baef91940b875e,static_inventory_only; representative evidence in review; not individual E2E pass
blockid.au,api_or_handler,/api/onboarding/save-progress,identity_projects,web/src/app/api/onboarding/save-progress/route.ts,c2e1470662804f1caeafe30439baef91940b875e,static_inventory_only; representative evidence in review; not individual E2E pass
blockid.au,api_or_handler,/api/openapi.json,public_content_other,web/src/app/api/openapi.json/route.ts,c2e1470662804f1caeafe30439baef91940b875e,static_inventory_only; representative evidence in review; not individual E2E pass
blockid.au,api_or_handler,/api/ops/origin-drain,public_content_other,web/src/app/api/ops/origin-drain/route.ts,c2e1470662804f1caeafe30439baef91940b875e,static_inventory_only; representative evidence in review; not individual E2E pass
blockid.au,api_or_handler,/api/org/audit-export.csv,public_content_other,web/src/app/api/org/audit-export.csv/route.ts,c2e1470662804f1caeafe30439baef91940b875e,static_inventory_only; representative evidence in review; not individual E2E pass
blockid.au,api_or_handler,/api/org/settings,identity_projects,web/src/app/api/org/settings/route.ts,c2e1470662804f1caeafe30439baef91940b875e,static_inventory_only; representative evidence in review; not individual E2E pass
blockid.au,api_or_handler,/api/outcomes/[id],public_content_other,web/src/app/api/outcomes/[id]/route.ts,c2e1470662804f1caeafe30439baef91940b875e,static_inventory_only; representative evidence in review; not individual E2E pass
blockid.au,api_or_handler,/api/pitch-deck,reports_research_svi,web/src/app/api/pitch-deck/route.ts,c2e1470662804f1caeafe30439baef91940b875e,static_inventory_only; representative evidence in review; not individual E2E pass
blockid.au,api_or_handler,/api/pitchdeck/analyze,reports_research_svi,web/src/app/api/pitchdeck/analyze/route.ts,c2e1470662804f1caeafe30439baef91940b875e,static_inventory_only; representative evidence in review; not individual E2E pass
blockid.au,api_or_handler,/api/pitchdeck/classify,reports_research_svi,web/src/app/api/pitchdeck/classify/route.ts,c2e1470662804f1caeafe30439baef91940b875e,static_inventory_only; representative evidence in review; not individual E2E pass
blockid.au,api_or_handler,/api/pitchdeck/email-report,reports_research_svi,web/src/app/api/pitchdeck/email-report/route.ts,c2e1470662804f1caeafe30439baef91940b875e,static_inventory_only; representative evidence in review; not individual E2E pass
blockid.au,api_or_handler,/api/pitchdeck/ocr,reports_research_svi,web/src/app/api/pitchdeck/ocr/route.ts,c2e1470662804f1caeafe30439baef91940b875e,static_inventory_only; representative evidence in review; not individual E2E pass
blockid.au,api_or_handler,/api/pitchdeck/save-snapshot,reports_research_svi,web/src/app/api/pitchdeck/save-snapshot/route.ts,c2e1470662804f1caeafe30439baef91940b875e,static_inventory_only; representative evidence in review; not individual E2E pass
blockid.au,api_or_handler,/api/platform-config,public_content_other,web/src/app/api/platform-config/route.ts,c2e1470662804f1caeafe30439baef91940b875e,static_inventory_only; representative evidence in review; not individual E2E pass
blockid.au,api_or_handler,/api/platform-stats,public_content_other,web/src/app/api/platform-stats/route.ts,c2e1470662804f1caeafe30439baef91940b875e,static_inventory_only; representative evidence in review; not individual E2E pass
blockid.au,api_or_handler,/api/pnl,public_content_other,web/src/app/api/pnl/route.ts,c2e1470662804f1caeafe30439baef91940b875e,static_inventory_only; representative evidence in review; not individual E2E pass
blockid.au,api_or_handler,/api/pricing-test/assign,billing_credits,web/src/app/api/pricing-test/assign/route.ts,c2e1470662804f1caeafe30439baef91940b875e,static_inventory_only; representative evidence in review; not individual E2E pass
blockid.au,api_or_handler,/api/pricing-test/event,billing_credits,web/src/app/api/pricing-test/event/route.ts,c2e1470662804f1caeafe30439baef91940b875e,static_inventory_only; representative evidence in review; not individual E2E pass
blockid.au,api_or_handler,/api/projects/[id]/archive,identity_projects,web/src/app/api/projects/[id]/archive/route.ts,c2e1470662804f1caeafe30439baef91940b875e,static_inventory_only; representative evidence in review; not individual E2E pass
blockid.au,api_or_handler,/api/projects/[id]/claims,identity_projects,web/src/app/api/projects/[id]/claims/route.ts,c2e1470662804f1caeafe30439baef91940b875e,static_inventory_only; representative evidence in review; not individual E2E pass
blockid.au,api_or_handler,/api/projects/[id]/members/[memberId],identity_projects,web/src/app/api/projects/[id]/members/[memberId]/route.ts,c2e1470662804f1caeafe30439baef91940b875e,static_inventory_only; representative evidence in review; not individual E2E pass
blockid.au,api_or_handler,/api/projects/[id]/members,identity_projects,web/src/app/api/projects/[id]/members/route.ts,c2e1470662804f1caeafe30439baef91940b875e,static_inventory_only; representative evidence in review; not individual E2E pass
blockid.au,api_or_handler,/api/projects/[id]/outcomes,identity_projects,web/src/app/api/projects/[id]/outcomes/route.ts,c2e1470662804f1caeafe30439baef91940b875e,static_inventory_only; representative evidence in review; not individual E2E pass
blockid.au,api_or_handler,/api/projects/[id],identity_projects,web/src/app/api/projects/[id]/route.ts,c2e1470662804f1caeafe30439baef91940b875e,static_inventory_only; representative evidence in review; not individual E2E pass
blockid.au,api_or_handler,/api/projects/[id]/taxonomy,identity_projects,web/src/app/api/projects/[id]/taxonomy/route.ts,c2e1470662804f1caeafe30439baef91940b875e,static_inventory_only; representative evidence in review; not individual E2E pass
blockid.au,api_or_handler,/api/projects/members/accept,identity_projects,web/src/app/api/projects/members/accept/route.ts,c2e1470662804f1caeafe30439baef91940b875e,static_inventory_only; representative evidence in review; not individual E2E pass
blockid.au,api_or_handler,/api/projects/portfolio,identity_projects,web/src/app/api/projects/portfolio/route.ts,c2e1470662804f1caeafe30439baef91940b875e,static_inventory_only; representative evidence in review; not individual E2E pass
blockid.au,api_or_handler,/api/projects,identity_projects,web/src/app/api/projects/route.ts,c2e1470662804f1caeafe30439baef91940b875e,static_inventory_only; representative evidence in review; not individual E2E pass
blockid.au,api_or_handler,/api/proofs/score,reports_research_svi,web/src/app/api/proofs/score/route.ts,c2e1470662804f1caeafe30439baef91940b875e,static_inventory_only; representative evidence in review; not individual E2E pass
blockid.au,api_or_handler,/api/referral/history,public_content_other,web/src/app/api/referral/history/route.ts,c2e1470662804f1caeafe30439baef91940b875e,static_inventory_only; representative evidence in review; not individual E2E pass
blockid.au,api_or_handler,/api/referral,public_content_other,web/src/app/api/referral/route.ts,c2e1470662804f1caeafe30439baef91940b875e,static_inventory_only; representative evidence in review; not individual E2E pass
blockid.au,api_or_handler,/api/referrals,public_content_other,web/src/app/api/referrals/route.ts,c2e1470662804f1caeafe30439baef91940b875e,static_inventory_only; representative evidence in review; not individual E2E pass
blockid.au,api_or_handler,/api/reports/[orderId],reports_research_svi,web/src/app/api/reports/[orderId]/route.ts,c2e1470662804f1caeafe30439baef91940b875e,static_inventory_only; representative evidence in review; not individual E2E pass
blockid.au,api_or_handler,/api/reports/access,reports_research_svi,web/src/app/api/reports/access/route.ts,c2e1470662804f1caeafe30439baef91940b875e,static_inventory_only; representative evidence in review; not individual E2E pass
blockid.au,api_or_handler,/api/reports/checkout,billing_credits,web/src/app/api/reports/checkout/route.ts,c2e1470662804f1caeafe30439baef91940b875e,static_inventory_only; representative evidence in review; not individual E2E pass
blockid.au,api_or_handler,/api/reports/cohort/feedback-letters,reports_research_svi,web/src/app/api/reports/cohort/feedback-letters/route.ts,c2e1470662804f1caeafe30439baef91940b875e,static_inventory_only; representative evidence in review; not individual E2E pass
blockid.au,api_or_handler,/api/reports/cohort,reports_research_svi,web/src/app/api/reports/cohort/route.ts,c2e1470662804f1caeafe30439baef91940b875e,static_inventory_only; representative evidence in review; not individual E2E pass
blockid.au,api_or_handler,/api/reports/demo-day-pack,reports_research_svi,web/src/app/api/reports/demo-day-pack/route.ts,c2e1470662804f1caeafe30439baef91940b875e,static_inventory_only; representative evidence in review; not individual E2E pass
blockid.au,api_or_handler,/api/reports/history,reports_research_svi,web/src/app/api/reports/history/route.ts,c2e1470662804f1caeafe30439baef91940b875e,static_inventory_only; representative evidence in review; not individual E2E pass
blockid.au,api_or_handler,/api/reports/quarterly,reports_research_svi,web/src/app/api/reports/quarterly/route.ts,c2e1470662804f1caeafe30439baef91940b875e,static_inventory_only; representative evidence in review; not individual E2E pass
blockid.au,api_or_handler,/api/reports/redeem,reports_research_svi,web/src/app/api/reports/redeem/route.ts,c2e1470662804f1caeafe30439baef91940b875e,static_inventory_only; representative evidence in review; not individual E2E pass
blockid.au,api_or_handler,/api/reseller/billing/save-default-payment-method,billing_credits,web/src/app/api/reseller/billing/save-default-payment-method/route.ts,c2e1470662804f1caeafe30439baef91940b875e,static_inventory_only; representative evidence in review; not individual E2E pass
blockid.au,api_or_handler,/api/reseller/billing/setup-intent,billing_credits,web/src/app/api/reseller/billing/setup-intent/route.ts,c2e1470662804f1caeafe30439baef91940b875e,static_inventory_only; representative evidence in review; not individual E2E pass
blockid.au,api_or_handler,/api/reseller/code/validate,investor_programs,web/src/app/api/reseller/code/validate/route.ts,c2e1470662804f1caeafe30439baef91940b875e,static_inventory_only; representative evidence in review; not individual E2E pass
blockid.au,api_or_handler,/api/reseller/create-startup,investor_programs,web/src/app/api/reseller/create-startup/route.ts,c2e1470662804f1caeafe30439baef91940b875e,static_inventory_only; representative evidence in review; not individual E2E pass
blockid.au,api_or_handler,/api/reseller/credits/grant,billing_credits,web/src/app/api/reseller/credits/grant/route.ts,c2e1470662804f1caeafe30439baef91940b875e,static_inventory_only; representative evidence in review; not individual E2E pass
blockid.au,api_or_handler,/api/reseller/customers/[id]/drawer,investor_programs,web/src/app/api/reseller/customers/[id]/drawer/route.ts,c2e1470662804f1caeafe30439baef91940b875e,static_inventory_only; representative evidence in review; not individual E2E pass
blockid.au,api_or_handler,/api/reseller/customers/[id]/reveal-email,investor_programs,web/src/app/api/reseller/customers/[id]/reveal-email/route.ts,c2e1470662804f1caeafe30439baef91940b875e,static_inventory_only; representative evidence in review; not individual E2E pass
blockid.au,api_or_handler,/api/reseller/customers/[id]/stage,investor_programs,web/src/app/api/reseller/customers/[id]/stage/route.ts,c2e1470662804f1caeafe30439baef91940b875e,static_inventory_only; representative evidence in review; not individual E2E pass
blockid.au,api_or_handler,/api/reseller/me,investor_programs,web/src/app/api/reseller/me/route.ts,c2e1470662804f1caeafe30439baef91940b875e,static_inventory_only; representative evidence in review; not individual E2E pass
blockid.au,api_or_handler,/api/reseller/note,investor_programs,web/src/app/api/reseller/note/route.ts,c2e1470662804f1caeafe30439baef91940b875e,static_inventory_only; representative evidence in review; not individual E2E pass
blockid.au,api_or_handler,/api/reseller/reports/[month]/signed-url,reports_research_svi,web/src/app/api/reseller/reports/[month]/signed-url/route.ts,c2e1470662804f1caeafe30439baef91940b875e,static_inventory_only; representative evidence in review; not individual E2E pass
blockid.au,api_or_handler,/api/reseller/requests,investor_programs,web/src/app/api/reseller/requests/route.ts,c2e1470662804f1caeafe30439baef91940b875e,static_inventory_only; representative evidence in review; not individual E2E pass
blockid.au,api_or_handler,/api/reseller/sandbox/setup,investor_programs,web/src/app/api/reseller/sandbox/setup/route.ts,c2e1470662804f1caeafe30439baef91940b875e,static_inventory_only; representative evidence in review; not individual E2E pass
blockid.au,api_or_handler,/api/reseller/validate-promo-code,investor_programs,web/src/app/api/reseller/validate-promo-code/route.ts,c2e1470662804f1caeafe30439baef91940b875e,static_inventory_only; representative evidence in review; not individual E2E pass
blockid.au,api_or_handler,/api/revaluation,reports_research_svi,web/src/app/api/revaluation/route.ts,c2e1470662804f1caeafe30439baef91940b875e,static_inventory_only; representative evidence in review; not individual E2E pass
blockid.au,api_or_handler,/api/revenue,public_content_other,web/src/app/api/revenue/route.ts,c2e1470662804f1caeafe30439baef91940b875e,static_inventory_only; representative evidence in review; not individual E2E pass
blockid.au,api_or_handler,/api/rnd,public_content_other,web/src/app/api/rnd/route.ts,c2e1470662804f1caeafe30439baef91940b875e,static_inventory_only; representative evidence in review; not individual E2E pass
blockid.au,api_or_handler,/api/rnd/sections,public_content_other,web/src/app/api/rnd/sections/route.ts,c2e1470662804f1caeafe30439baef91940b875e,static_inventory_only; representative evidence in review; not individual E2E pass
blockid.au,api_or_handler,/api/scn/detect,public_content_other,web/src/app/api/scn/detect/route.ts,c2e1470662804f1caeafe30439baef91940b875e,static_inventory_only; representative evidence in review; not individual E2E pass
blockid.au,api_or_handler,/api/score,reports_research_svi,web/src/app/api/score/route.ts,c2e1470662804f1caeafe30439baef91940b875e,static_inventory_only; representative evidence in review; not individual E2E pass
blockid.au,api_or_handler,/api/secondary/sim/book,public_content_other,web/src/app/api/secondary/sim/book/route.ts,c2e1470662804f1caeafe30439baef91940b875e,static_inventory_only; representative evidence in review; not individual E2E pass
blockid.au,api_or_handler,/api/secondary/sim/orders,public_content_other,web/src/app/api/secondary/sim/orders/route.ts,c2e1470662804f1caeafe30439baef91940b875e,static_inventory_only; representative evidence in review; not individual E2E pass
blockid.au,api_or_handler,/api/secondary-offer,public_content_other,web/src/app/api/secondary-offer/route.ts,c2e1470662804f1caeafe30439baef91940b875e,static_inventory_only; representative evidence in review; not individual E2E pass
blockid.au,api_or_handler,/api/share-price,public_content_other,web/src/app/api/share-price/route.ts,c2e1470662804f1caeafe30439baef91940b875e,static_inventory_only; representative evidence in review; not individual E2E pass
blockid.au,api_or_handler,/api/share-structure,public_content_other,web/src/app/api/share-structure/route.ts,c2e1470662804f1caeafe30439baef91940b875e,static_inventory_only; representative evidence in review; not individual E2E pass
blockid.au,api_or_handler,/api/showcase-reviews,public_content_other,web/src/app/api/showcase-reviews/route.ts,c2e1470662804f1caeafe30439baef91940b875e,static_inventory_only; representative evidence in review; not individual E2E pass
blockid.au,api_or_handler,/api/site-crawl/stream,public_content_other,web/src/app/api/site-crawl/stream/route.ts,c2e1470662804f1caeafe30439baef91940b875e,static_inventory_only; representative evidence in review; not individual E2E pass
blockid.au,api_or_handler,/api/source-folders,public_content_other,web/src/app/api/source-folders/route.ts,c2e1470662804f1caeafe30439baef91940b875e,static_inventory_only; representative evidence in review; not individual E2E pass
blockid.au,api_or_handler,/api/startup/[slug]/contact,public_content_other,web/src/app/api/startup/[slug]/contact/route.ts,c2e1470662804f1caeafe30439baef91940b875e,static_inventory_only; representative evidence in review; not individual E2E pass
blockid.au,api_or_handler,/api/startup-package/analyze,reports_research_svi,web/src/app/api/startup-package/analyze/route.ts,c2e1470662804f1caeafe30439baef91940b875e,static_inventory_only; representative evidence in review; not individual E2E pass
blockid.au,api_or_handler,/api/startup-package/deliverable/[slug],public_content_other,web/src/app/api/startup-package/deliverable/[slug]/route.ts,c2e1470662804f1caeafe30439baef91940b875e,static_inventory_only; representative evidence in review; not individual E2E pass
blockid.au,api_or_handler,/api/startup-package/deliverable/accelerator-apply,investor_programs,web/src/app/api/startup-package/deliverable/accelerator-apply/route.ts,c2e1470662804f1caeafe30439baef91940b875e,static_inventory_only; representative evidence in review; not individual E2E pass
blockid.au,api_or_handler,/api/startup-package/reservation,public_content_other,web/src/app/api/startup-package/reservation/route.ts,c2e1470662804f1caeafe30439baef91940b875e,static_inventory_only; representative evidence in review; not individual E2E pass
blockid.au,api_or_handler,/api/startup-package/save-answer,public_content_other,web/src/app/api/startup-package/save-answer/route.ts,c2e1470662804f1caeafe30439baef91940b875e,static_inventory_only; representative evidence in review; not individual E2E pass
blockid.au,api_or_handler,/api/startup-package/svi-snapshot,reports_research_svi,web/src/app/api/startup-package/svi-snapshot/route.ts,c2e1470662804f1caeafe30439baef91940b875e,static_inventory_only; representative evidence in review; not individual E2E pass
blockid.au,api_or_handler,/api/status,admin_operations,web/src/app/api/status/route.ts,c2e1470662804f1caeafe30439baef91940b875e,static_inventory_only; representative evidence in review; not individual E2E pass
blockid.au,api_or_handler,/api/stripe/analysis,billing_credits,web/src/app/api/stripe/analysis/route.ts,c2e1470662804f1caeafe30439baef91940b875e,static_inventory_only; representative evidence in review; not individual E2E pass
blockid.au,api_or_handler,/api/stripe/cancel,billing_credits,web/src/app/api/stripe/cancel/route.ts,c2e1470662804f1caeafe30439baef91940b875e,static_inventory_only; representative evidence in review; not individual E2E pass
blockid.au,api_or_handler,/api/stripe/change-plan,billing_credits,web/src/app/api/stripe/change-plan/route.ts,c2e1470662804f1caeafe30439baef91940b875e,static_inventory_only; representative evidence in review; not individual E2E pass
blockid.au,api_or_handler,/api/stripe/checkout,billing_credits,web/src/app/api/stripe/checkout/route.ts,c2e1470662804f1caeafe30439baef91940b875e,static_inventory_only; representative evidence in review; not individual E2E pass
blockid.au,api_or_handler,/api/stripe/portal,billing_credits,web/src/app/api/stripe/portal/route.ts,c2e1470662804f1caeafe30439baef91940b875e,static_inventory_only; representative evidence in review; not individual E2E pass
blockid.au,api_or_handler,/api/stripe/reactivate,billing_credits,web/src/app/api/stripe/reactivate/route.ts,c2e1470662804f1caeafe30439baef91940b875e,static_inventory_only; representative evidence in review; not individual E2E pass
blockid.au,api_or_handler,/api/stripe/trial-status,billing_credits,web/src/app/api/stripe/trial-status/route.ts,c2e1470662804f1caeafe30439baef91940b875e,static_inventory_only; representative evidence in review; not individual E2E pass
blockid.au,api_or_handler,/api/stripe/webhook,billing_credits,web/src/app/api/stripe/webhook/route.ts,c2e1470662804f1caeafe30439baef91940b875e,static_inventory_only; representative evidence in review; not individual E2E pass
blockid.au,api_or_handler,/api/support,public_content_other,web/src/app/api/support/route.ts,c2e1470662804f1caeafe30439baef91940b875e,static_inventory_only; representative evidence in review; not individual E2E pass
blockid.au,api_or_handler,/api/svi/action-plan/[id],reports_research_svi,web/src/app/api/svi/action-plan/[id]/route.ts,c2e1470662804f1caeafe30439baef91940b875e,static_inventory_only; representative evidence in review; not individual E2E pass
blockid.au,api_or_handler,/api/svi/action-plan/[id]/toggle,reports_research_svi,web/src/app/api/svi/action-plan/[id]/toggle/route.ts,c2e1470662804f1caeafe30439baef91940b875e,static_inventory_only; representative evidence in review; not individual E2E pass
blockid.au,api_or_handler,/api/svi/action-plan/generate,reports_research_svi,web/src/app/api/svi/action-plan/generate/route.ts,c2e1470662804f1caeafe30439baef91940b875e,static_inventory_only; representative evidence in review; not individual E2E pass
blockid.au,api_or_handler,/api/svi/ai-score,reports_research_svi,web/src/app/api/svi/ai-score/route.ts,c2e1470662804f1caeafe30439baef91940b875e,static_inventory_only; representative evidence in review; not individual E2E pass
blockid.au,api_or_handler,/api/svi/benchmarks/[sector],reports_research_svi,web/src/app/api/svi/benchmarks/[sector]/route.ts,c2e1470662804f1caeafe30439baef91940b875e,static_inventory_only; representative evidence in review; not individual E2E pass
blockid.au,api_or_handler,/api/svi/check-gate,reports_research_svi,web/src/app/api/svi/check-gate/route.ts,c2e1470662804f1caeafe30439baef91940b875e,static_inventory_only; representative evidence in review; not individual E2E pass
blockid.au,api_or_handler,/api/svi/dimension-analyze,reports_research_svi,web/src/app/api/svi/dimension-analyze/route.ts,c2e1470662804f1caeafe30439baef91940b875e,static_inventory_only; representative evidence in review; not individual E2E pass
blockid.au,api_or_handler,/api/svi/dimension-benchmarks,reports_research_svi,web/src/app/api/svi/dimension-benchmarks/route.ts,c2e1470662804f1caeafe30439baef91940b875e,static_inventory_only; representative evidence in review; not individual E2E pass
blockid.au,api_or_handler,/api/svi/dimensions/completeness/[projectId],reports_research_svi,web/src/app/api/svi/dimensions/completeness/[projectId]/route.ts,c2e1470662804f1caeafe30439baef91940b875e,static_inventory_only; representative evidence in review; not individual E2E pass
blockid.au,api_or_handler,/api/svi/dimensions/evidence/[projectId]/[dimension]/[evidenceId]/request-review,reports_research_svi,web/src/app/api/svi/dimensions/evidence/[projectId]/[dimension]/[evidenceId]/request-review/route.ts,c2e1470662804f1caeafe30439baef91940b875e,static_inventory_only; representative evidence in review; not individual E2E pass
blockid.au,api_or_handler,/api/svi/dimensions/evidence/[projectId]/[dimension]/upload,reports_research_svi,web/src/app/api/svi/dimensions/evidence/[projectId]/[dimension]/upload/route.ts,c2e1470662804f1caeafe30439baef91940b875e,static_inventory_only; representative evidence in review; not individual E2E pass
blockid.au,api_or_handler,/api/svi/dimensions/roadmap/[projectId]/[evidenceType]/complete,reports_research_svi,web/src/app/api/svi/dimensions/roadmap/[projectId]/[evidenceType]/complete/route.ts,c2e1470662804f1caeafe30439baef91940b875e,static_inventory_only; representative evidence in review; not individual E2E pass
blockid.au,api_or_handler,/api/svi/dimensions/roadmap/[projectId]/forecast,reports_research_svi,web/src/app/api/svi/dimensions/roadmap/[projectId]/forecast/route.ts,c2e1470662804f1caeafe30439baef91940b875e,static_inventory_only; representative evidence in review; not individual E2E pass
blockid.au,api_or_handler,/api/svi/dimensions/roadmap/[projectId],reports_research_svi,web/src/app/api/svi/dimensions/roadmap/[projectId]/route.ts,c2e1470662804f1caeafe30439baef91940b875e,static_inventory_only; representative evidence in review; not individual E2E pass
blockid.au,api_or_handler,/api/svi/dimensions/stream,reports_research_svi,web/src/app/api/svi/dimensions/stream/route.ts,c2e1470662804f1caeafe30439baef91940b875e,static_inventory_only; representative evidence in review; not individual E2E pass
blockid.au,api_or_handler,/api/svi/docx,reports_research_svi,web/src/app/api/svi/docx/route.ts,c2e1470662804f1caeafe30439baef91940b875e,static_inventory_only; representative evidence in review; not individual E2E pass
blockid.au,api_or_handler,/api/svi/email-report,reports_research_svi,web/src/app/api/svi/email-report/route.ts,c2e1470662804f1caeafe30439baef91940b875e,static_inventory_only; representative evidence in review; not individual E2E pass
blockid.au,api_or_handler,/api/svi/enhanced-report,reports_research_svi,web/src/app/api/svi/enhanced-report/route.ts,c2e1470662804f1caeafe30439baef91940b875e,static_inventory_only; representative evidence in review; not individual E2E pass
blockid.au,api_or_handler,/api/svi/enhanced-report/status,admin_operations,web/src/app/api/svi/enhanced-report/status/route.ts,c2e1470662804f1caeafe30439baef91940b875e,static_inventory_only; representative evidence in review; not individual E2E pass
blockid.au,api_or_handler,/api/svi/evidence-completeness,reports_research_svi,web/src/app/api/svi/evidence-completeness/route.ts,c2e1470662804f1caeafe30439baef91940b875e,static_inventory_only; representative evidence in review; not individual E2E pass
blockid.au,api_or_handler,/api/svi/full-report,reports_research_svi,web/src/app/api/svi/full-report/route.ts,c2e1470662804f1caeafe30439baef91940b875e,static_inventory_only; representative evidence in review; not individual E2E pass
blockid.au,api_or_handler,/api/svi/history/full,reports_research_svi,web/src/app/api/svi/history/full/route.ts,c2e1470662804f1caeafe30439baef91940b875e,static_inventory_only; representative evidence in review; not individual E2E pass
blockid.au,api_or_handler,/api/svi/history,reports_research_svi,web/src/app/api/svi/history/route.ts,c2e1470662804f1caeafe30439baef91940b875e,static_inventory_only; representative evidence in review; not individual E2E pass
blockid.au,api_or_handler,/api/svi/latest,reports_research_svi,web/src/app/api/svi/latest/route.ts,c2e1470662804f1caeafe30439baef91940b875e,static_inventory_only; representative evidence in review; not individual E2E pass
blockid.au,api_or_handler,/api/svi/modular,reports_research_svi,web/src/app/api/svi/modular/route.ts,c2e1470662804f1caeafe30439baef91940b875e,static_inventory_only; representative evidence in review; not individual E2E pass
blockid.au,api_or_handler,/api/svi/pdf,reports_research_svi,web/src/app/api/svi/pdf/route.ts,c2e1470662804f1caeafe30439baef91940b875e,static_inventory_only; representative evidence in review; not individual E2E pass
blockid.au,api_or_handler,/api/svi/phase-progress,reports_research_svi,web/src/app/api/svi/phase-progress/route.ts,c2e1470662804f1caeafe30439baef91940b875e,static_inventory_only; representative evidence in review; not individual E2E pass
blockid.au,api_or_handler,/api/svi/pitch-deck,reports_research_svi,web/src/app/api/svi/pitch-deck/route.ts,c2e1470662804f1caeafe30439baef91940b875e,static_inventory_only; representative evidence in review; not individual E2E pass
blockid.au,api_or_handler,/api/svi/report/[projectId],reports_research_svi,web/src/app/api/svi/report/[projectId]/route.ts,c2e1470662804f1caeafe30439baef91940b875e,static_inventory_only; representative evidence in review; not individual E2E pass
blockid.au,api_or_handler,/api/svi/report/leads,reports_research_svi,web/src/app/api/svi/report/leads/route.ts,c2e1470662804f1caeafe30439baef91940b875e,static_inventory_only; representative evidence in review; not individual E2E pass
blockid.au,api_or_handler,/api/svi/report/pdf,reports_research_svi,web/src/app/api/svi/report/pdf/route.ts,c2e1470662804f1caeafe30439baef91940b875e,static_inventory_only; representative evidence in review; not individual E2E pass
blockid.au,api_or_handler,/api/svi/report/peers,reports_research_svi,web/src/app/api/svi/report/peers/route.ts,c2e1470662804f1caeafe30439baef91940b875e,static_inventory_only; representative evidence in review; not individual E2E pass
blockid.au,api_or_handler,/api/svi/report/qa,reports_research_svi,web/src/app/api/svi/report/qa/route.ts,c2e1470662804f1caeafe30439baef91940b875e,static_inventory_only; representative evidence in review; not individual E2E pass
blockid.au,api_or_handler,/api/svi/report,reports_research_svi,web/src/app/api/svi/report/route.ts,c2e1470662804f1caeafe30439baef91940b875e,static_inventory_only; representative evidence in review; not individual E2E pass
blockid.au,api_or_handler,/api/svi/report/section,reports_research_svi,web/src/app/api/svi/report/section/route.ts,c2e1470662804f1caeafe30439baef91940b875e,static_inventory_only; representative evidence in review; not individual E2E pass
blockid.au,api_or_handler,/api/svi/report/share,reports_research_svi,web/src/app/api/svi/report/share/route.ts,c2e1470662804f1caeafe30439baef91940b875e,static_inventory_only; representative evidence in review; not individual E2E pass
blockid.au,api_or_handler,/api/svi/report/views,reports_research_svi,web/src/app/api/svi/report/views/route.ts,c2e1470662804f1caeafe30439baef91940b875e,static_inventory_only; representative evidence in review; not individual E2E pass
blockid.au,api_or_handler,/api/svi/report-estimate,reports_research_svi,web/src/app/api/svi/report-estimate/route.ts,c2e1470662804f1caeafe30439baef91940b875e,static_inventory_only; representative evidence in review; not individual E2E pass
blockid.au,api_or_handler,/api/svi/report-section,reports_research_svi,web/src/app/api/svi/report-section/route.ts,c2e1470662804f1caeafe30439baef91940b875e,static_inventory_only; representative evidence in review; not individual E2E pass
blockid.au,api_or_handler,/api/svi/report-sections/[id],reports_research_svi,web/src/app/api/svi/report-sections/[id]/route.ts,c2e1470662804f1caeafe30439baef91940b875e,static_inventory_only; representative evidence in review; not individual E2E pass
blockid.au,api_or_handler,/api/svi/report-sections,reports_research_svi,web/src/app/api/svi/report-sections/route.ts,c2e1470662804f1caeafe30439baef91940b875e,static_inventory_only; representative evidence in review; not individual E2E pass
blockid.au,api_or_handler,/api/svi/rescore,reports_research_svi,web/src/app/api/svi/rescore/route.ts,c2e1470662804f1caeafe30439baef91940b875e,static_inventory_only; representative evidence in review; not individual E2E pass
blockid.au,api_or_handler,/api/svi/rescore-from-evidence,reports_research_svi,web/src/app/api/svi/rescore-from-evidence/route.ts,c2e1470662804f1caeafe30439baef91940b875e,static_inventory_only; representative evidence in review; not individual E2E pass
blockid.au,api_or_handler,/api/svi/research,reports_research_svi,web/src/app/api/svi/research/route.ts,c2e1470662804f1caeafe30439baef91940b875e,static_inventory_only; representative evidence in review; not individual E2E pass
blockid.au,api_or_handler,/api/svi,reports_research_svi,web/src/app/api/svi/route.ts,c2e1470662804f1caeafe30439baef91940b875e,static_inventory_only; representative evidence in review; not individual E2E pass
blockid.au,api_or_handler,/api/svi/share,reports_research_svi,web/src/app/api/svi/share/route.ts,c2e1470662804f1caeafe30439baef91940b875e,static_inventory_only; representative evidence in review; not individual E2E pass
blockid.au,api_or_handler,/api/svi/stage-classify,reports_research_svi,web/src/app/api/svi/stage-classify/route.ts,c2e1470662804f1caeafe30439baef91940b875e,static_inventory_only; representative evidence in review; not individual E2E pass
blockid.au,api_or_handler,/api/svi-accounts,reports_research_svi,web/src/app/api/svi-accounts/route.ts,c2e1470662804f1caeafe30439baef91940b875e,static_inventory_only; representative evidence in review; not individual E2E pass
blockid.au,api_or_handler,/api/svi-api/checkout,billing_credits,web/src/app/api/svi-api/checkout/route.ts,c2e1470662804f1caeafe30439baef91940b875e,static_inventory_only; representative evidence in review; not individual E2E pass
blockid.au,api_or_handler,/api/svi-api/keys,reports_research_svi,web/src/app/api/svi-api/keys/route.ts,c2e1470662804f1caeafe30439baef91940b875e,static_inventory_only; representative evidence in review; not individual E2E pass
blockid.au,api_or_handler,/api/tbr/[token]/lead,equity_finance_legal,web/src/app/api/tbr/[token]/lead/route.ts,c2e1470662804f1caeafe30439baef91940b875e,static_inventory_only; representative evidence in review; not individual E2E pass
blockid.au,api_or_handler,/api/tbr/[token]/view-end,equity_finance_legal,web/src/app/api/tbr/[token]/view-end/route.ts,c2e1470662804f1caeafe30439baef91940b875e,static_inventory_only; representative evidence in review; not individual E2E pass
blockid.au,api_or_handler,/api/tbr/[token]/view-start,equity_finance_legal,web/src/app/api/tbr/[token]/view-start/route.ts,c2e1470662804f1caeafe30439baef91940b875e,static_inventory_only; representative evidence in review; not individual E2E pass
blockid.au,api_or_handler,/api/templates/legal/[slug],equity_finance_legal,web/src/app/api/templates/legal/[slug]/route.ts,c2e1470662804f1caeafe30439baef91940b875e,static_inventory_only; representative evidence in review; not individual E2E pass
blockid.au,api_or_handler,/api/term-sheet/compare,public_content_other,web/src/app/api/term-sheet/compare/route.ts,c2e1470662804f1caeafe30439baef91940b875e,static_inventory_only; representative evidence in review; not individual E2E pass
blockid.au,api_or_handler,/api/term-sheet,public_content_other,web/src/app/api/term-sheet/route.ts,c2e1470662804f1caeafe30439baef91940b875e,static_inventory_only; representative evidence in review; not individual E2E pass
blockid.au,api_or_handler,/api/testimonial,public_content_other,web/src/app/api/testimonial/route.ts,c2e1470662804f1caeafe30439baef91940b875e,static_inventory_only; representative evidence in review; not individual E2E pass
blockid.au,api_or_handler,/api/tokenization,equity_finance_legal,web/src/app/api/tokenization/route.ts,c2e1470662804f1caeafe30439baef91940b875e,static_inventory_only; representative evidence in review; not individual E2E pass
blockid.au,api_or_handler,/api/track/open,public_content_other,web/src/app/api/track/open/route.ts,c2e1470662804f1caeafe30439baef91940b875e,static_inventory_only; representative evidence in review; not individual E2E pass
blockid.au,api_or_handler,/api/track/view,public_content_other,web/src/app/api/track/view/route.ts,c2e1470662804f1caeafe30439baef91940b875e,static_inventory_only; representative evidence in review; not individual E2E pass
blockid.au,api_or_handler,/api/unsubscribe/feedback,public_content_other,web/src/app/api/unsubscribe/feedback/route.ts,c2e1470662804f1caeafe30439baef91940b875e,static_inventory_only; representative evidence in review; not individual E2E pass
blockid.au,api_or_handler,/api/unsubscribe,public_content_other,web/src/app/api/unsubscribe/route.ts,c2e1470662804f1caeafe30439baef91940b875e,static_inventory_only; representative evidence in review; not individual E2E pass
blockid.au,api_or_handler,/api/upload,public_content_other,web/src/app/api/upload/route.ts,c2e1470662804f1caeafe30439baef91940b875e,static_inventory_only; representative evidence in review; not individual E2E pass
blockid.au,api_or_handler,/api/v1/analyze,reports_research_svi,web/src/app/api/v1/analyze/route.ts,c2e1470662804f1caeafe30439baef91940b875e,static_inventory_only; representative evidence in review; not individual E2E pass
blockid.au,api_or_handler,/api/v1/evaluations/[id]/assessment,reports_research_svi,web/src/app/api/v1/evaluations/[id]/assessment/route.ts,c2e1470662804f1caeafe30439baef91940b875e,static_inventory_only; representative evidence in review; not individual E2E pass
blockid.au,api_or_handler,/api/v1/evaluations/[id]/dossier,reports_research_svi,web/src/app/api/v1/evaluations/[id]/dossier/route.ts,c2e1470662804f1caeafe30439baef91940b875e,static_inventory_only; representative evidence in review; not individual E2E pass
blockid.au,api_or_handler,/api/v1/evaluations,reports_research_svi,web/src/app/api/v1/evaluations/route.ts,c2e1470662804f1caeafe30439baef91940b875e,static_inventory_only; representative evidence in review; not individual E2E pass
blockid.au,api_or_handler,/api/v1/id/[slug],public_content_other,web/src/app/api/v1/id/[slug]/route.ts,c2e1470662804f1caeafe30439baef91940b875e,static_inventory_only; representative evidence in review; not individual E2E pass
blockid.au,api_or_handler,/api/v1/id/[slug]/vc,public_content_other,web/src/app/api/v1/id/[slug]/vc/route.ts,c2e1470662804f1caeafe30439baef91940b875e,static_inventory_only; representative evidence in review; not individual E2E pass
blockid.au,api_or_handler,/api/v1/institutional/benchmarks,public_content_other,web/src/app/api/v1/institutional/benchmarks/route.ts,c2e1470662804f1caeafe30439baef91940b875e,static_inventory_only; representative evidence in review; not individual E2E pass
blockid.au,api_or_handler,/api/v1/institutional/cohorts/[id],investor_programs,web/src/app/api/v1/institutional/cohorts/[id]/route.ts,c2e1470662804f1caeafe30439baef91940b875e,static_inventory_only; representative evidence in review; not individual E2E pass
blockid.au,api_or_handler,/api/v1/institutional/cohorts/[id]/snapshots,investor_programs,web/src/app/api/v1/institutional/cohorts/[id]/snapshots/route.ts,c2e1470662804f1caeafe30439baef91940b875e,static_inventory_only; representative evidence in review; not individual E2E pass
blockid.au,api_or_handler,/api/v1/institutional/cohorts,investor_programs,web/src/app/api/v1/institutional/cohorts/route.ts,c2e1470662804f1caeafe30439baef91940b875e,static_inventory_only; representative evidence in review; not individual E2E pass
blockid.au,api_or_handler,/api/v1/institutional/companies/[projectId],public_content_other,web/src/app/api/v1/institutional/companies/[projectId]/route.ts,c2e1470662804f1caeafe30439baef91940b875e,static_inventory_only; representative evidence in review; not individual E2E pass
blockid.au,api_or_handler,/api/v1/institutional/methodology,public_content_other,web/src/app/api/v1/institutional/methodology/route.ts,c2e1470662804f1caeafe30439baef91940b875e,static_inventory_only; representative evidence in review; not individual E2E pass
blockid.au,api_or_handler,/api/v1/svi,reports_research_svi,web/src/app/api/v1/svi/route.ts,c2e1470662804f1caeafe30439baef91940b875e,static_inventory_only; representative evidence in review; not individual E2E pass
blockid.au,api_or_handler,/api/v1/vc/[jti]/revoke,public_content_other,web/src/app/api/v1/vc/[jti]/revoke/route.ts,c2e1470662804f1caeafe30439baef91940b875e,static_inventory_only; representative evidence in review; not individual E2E pass
blockid.au,api_or_handler,/api/valuation/certificate/[id]/data-room,equity_finance_legal,web/src/app/api/valuation/certificate/[id]/data-room/route.ts,c2e1470662804f1caeafe30439baef91940b875e,static_inventory_only; representative evidence in review; not individual E2E pass
blockid.au,api_or_handler,/api/valuation/certificate/[id]/pdf,equity_finance_legal,web/src/app/api/valuation/certificate/[id]/pdf/route.ts,c2e1470662804f1caeafe30439baef91940b875e,static_inventory_only; representative evidence in review; not individual E2E pass
blockid.au,api_or_handler,/api/valuation/certificate/[id]/revoke,equity_finance_legal,web/src/app/api/valuation/certificate/[id]/revoke/route.ts,c2e1470662804f1caeafe30439baef91940b875e,static_inventory_only; representative evidence in review; not individual E2E pass
blockid.au,api_or_handler,/api/valuation/certificate,equity_finance_legal,web/src/app/api/valuation/certificate/route.ts,c2e1470662804f1caeafe30439baef91940b875e,static_inventory_only; representative evidence in review; not individual E2E pass
blockid.au,api_or_handler,/api/valuation/clevel,equity_finance_legal,web/src/app/api/valuation/clevel/route.ts,c2e1470662804f1caeafe30439baef91940b875e,static_inventory_only; representative evidence in review; not individual E2E pass
blockid.au,api_or_handler,/api/valuation/pdf,equity_finance_legal,web/src/app/api/valuation/pdf/route.ts,c2e1470662804f1caeafe30439baef91940b875e,static_inventory_only; representative evidence in review; not individual E2E pass
blockid.au,api_or_handler,/api/valuation,equity_finance_legal,web/src/app/api/valuation/route.ts,c2e1470662804f1caeafe30439baef91940b875e,static_inventory_only; representative evidence in review; not individual E2E pass
blockid.au,api_or_handler,/api/valuation/vc,equity_finance_legal,web/src/app/api/valuation/vc/route.ts,c2e1470662804f1caeafe30439baef91940b875e,static_inventory_only; representative evidence in review; not individual E2E pass
blockid.au,api_or_handler,/api/verification/abr,public_content_other,web/src/app/api/verification/abr/route.ts,c2e1470662804f1caeafe30439baef91940b875e,static_inventory_only; representative evidence in review; not individual E2E pass
blockid.au,api_or_handler,/api/verify/valuation/[certificateNo],equity_finance_legal,web/src/app/api/verify/valuation/[certificateNo]/route.ts,c2e1470662804f1caeafe30439baef91940b875e,static_inventory_only; representative evidence in review; not individual E2E pass
blockid.au,api_or_handler,/api/version,public_content_other,web/src/app/api/version/route.ts,c2e1470662804f1caeafe30439baef91940b875e,static_inventory_only; representative evidence in review; not individual E2E pass
blockid.au,api_or_handler,/api/vesting/[id],equity_finance_legal,web/src/app/api/vesting/[id]/route.ts,c2e1470662804f1caeafe30439baef91940b875e,static_inventory_only; representative evidence in review; not individual E2E pass
blockid.au,api_or_handler,/api/vesting,equity_finance_legal,web/src/app/api/vesting/route.ts,c2e1470662804f1caeafe30439baef91940b875e,static_inventory_only; representative evidence in review; not individual E2E pass
blockid.au,api_or_handler,/api/watchlist,investor_programs,web/src/app/api/watchlist/route.ts,c2e1470662804f1caeafe30439baef91940b875e,static_inventory_only; representative evidence in review; not individual E2E pass
blockid.au,api_or_handler,/api/webhook/github,public_content_other,web/src/app/api/webhook/github/route.ts,c2e1470662804f1caeafe30439baef91940b875e,static_inventory_only; representative evidence in review; not individual E2E pass
blockid.au,api_or_handler,/api/webhooks/[id]/deliveries,public_content_other,web/src/app/api/webhooks/[id]/deliveries/route.ts,c2e1470662804f1caeafe30439baef91940b875e,static_inventory_only; representative evidence in review; not individual E2E pass
blockid.au,api_or_handler,/api/webhooks/[id],public_content_other,web/src/app/api/webhooks/[id]/route.ts,c2e1470662804f1caeafe30439baef91940b875e,static_inventory_only; representative evidence in review; not individual E2E pass
blockid.au,api_or_handler,/api/webhooks/[id]/test,public_content_other,web/src/app/api/webhooks/[id]/test/route.ts,c2e1470662804f1caeafe30439baef91940b875e,static_inventory_only; representative evidence in review; not individual E2E pass
blockid.au,api_or_handler,/api/webhooks,public_content_other,web/src/app/api/webhooks/route.ts,c2e1470662804f1caeafe30439baef91940b875e,static_inventory_only; representative evidence in review; not individual E2E pass
blockid.au,api_or_handler,/api/website-tech-audit,public_content_other,web/src/app/api/website-tech-audit/route.ts,c2e1470662804f1caeafe30439baef91940b875e,static_inventory_only; representative evidence in review; not individual E2E pass
blockid.au,page,/apply/[slug],public_content_other,web/src/app/apply/[slug]/page.tsx,c2e1470662804f1caeafe30439baef91940b875e,static_inventory_only; representative evidence in review; not individual E2E pass
blockid.au,page,/auth/error,identity_projects,web/src/app/auth/error/page.tsx,c2e1470662804f1caeafe30439baef91940b875e,static_inventory_only; representative evidence in review; not individual E2E pass
blockid.au,page,/auth/login,identity_projects,web/src/app/auth/login/page.tsx,c2e1470662804f1caeafe30439baef91940b875e,static_inventory_only; representative evidence in review; not individual E2E pass
blockid.au,page,/auth/reset,identity_projects,web/src/app/auth/reset/page.tsx,c2e1470662804f1caeafe30439baef91940b875e,static_inventory_only; representative evidence in review; not individual E2E pass
blockid.au,api_or_handler,/auth/verify,identity_projects,web/src/app/auth/verify/route.ts,c2e1470662804f1caeafe30439baef91940b875e,static_inventory_only; representative evidence in review; not individual E2E pass
blockid.au,page,/benchmarks,public_content_other,web/src/app/benchmarks/page.tsx,c2e1470662804f1caeafe30439baef91940b875e,static_inventory_only; representative evidence in review; not individual E2E pass
blockid.au,page,/checkout/review,billing_credits,web/src/app/checkout/review/page.tsx,c2e1470662804f1caeafe30439baef91940b875e,static_inventory_only; representative evidence in review; not individual E2E pass
blockid.au,page,/compliance/esic,equity_finance_legal,web/src/app/compliance/esic/page.tsx,c2e1470662804f1caeafe30439baef91940b875e,static_inventory_only; representative evidence in review; not individual E2E pass
blockid.au,page,/compliance/gst,equity_finance_legal,web/src/app/compliance/gst/page.tsx,c2e1470662804f1caeafe30439baef91940b875e,static_inventory_only; representative evidence in review; not individual E2E pass
blockid.au,page,/compliance/modern-slavery,equity_finance_legal,web/src/app/compliance/modern-slavery/page.tsx,c2e1470662804f1caeafe30439baef91940b875e,static_inventory_only; representative evidence in review; not individual E2E pass
blockid.au,page,/compliance/rd,equity_finance_legal,web/src/app/compliance/rd/page.tsx,c2e1470662804f1caeafe30439baef91940b875e,static_inventory_only; representative evidence in review; not individual E2E pass
blockid.au,page,/compliance/s708,equity_finance_legal,web/src/app/compliance/s708/page.tsx,c2e1470662804f1caeafe30439baef91940b875e,static_inventory_only; representative evidence in review; not individual E2E pass
blockid.au,page,/compliance/wgea,equity_finance_legal,web/src/app/compliance/wgea/page.tsx,c2e1470662804f1caeafe30439baef91940b875e,static_inventory_only; representative evidence in review; not individual E2E pass
blockid.au,page,/dataset,public_content_other,web/src/app/dataset/page.tsx,c2e1470662804f1caeafe30439baef91940b875e,static_inventory_only; representative evidence in review; not individual E2E pass
blockid.au,page,/demo,public_content_other,web/src/app/demo/page.tsx,c2e1470662804f1caeafe30439baef91940b875e,static_inventory_only; representative evidence in review; not individual E2E pass
blockid.au,page,/developers/api/[slug],public_content_other,web/src/app/developers/api/[slug]/page.tsx,c2e1470662804f1caeafe30439baef91940b875e,static_inventory_only; representative evidence in review; not individual E2E pass
blockid.au,page,/developers/api,public_content_other,web/src/app/developers/api/page.tsx,c2e1470662804f1caeafe30439baef91940b875e,static_inventory_only; representative evidence in review; not individual E2E pass
blockid.au,page,/developers,public_content_other,web/src/app/developers/page.tsx,c2e1470662804f1caeafe30439baef91940b875e,static_inventory_only; representative evidence in review; not individual E2E pass
blockid.au,page,/docs/design-system,public_content_other,web/src/app/docs/design-system/page.tsx,c2e1470662804f1caeafe30439baef91940b875e,static_inventory_only; representative evidence in review; not individual E2E pass
blockid.au,page,/docs,public_content_other,web/src/app/docs/page.tsx,c2e1470662804f1caeafe30439baef91940b875e,static_inventory_only; representative evidence in review; not individual E2E pass
blockid.au,page,/docs/startup-package,public_content_other,web/src/app/docs/startup-package/page.tsx,c2e1470662804f1caeafe30439baef91940b875e,static_inventory_only; representative evidence in review; not individual E2E pass
blockid.au,api_or_handler,/embed/badge,public_content_other,web/src/app/embed/badge/route.ts,c2e1470662804f1caeafe30439baef91940b875e,static_inventory_only; representative evidence in review; not individual E2E pass
blockid.au,page,/es/tbr/[token],equity_finance_legal,web/src/app/es/tbr/[token]/page.tsx,c2e1470662804f1caeafe30439baef91940b875e,static_inventory_only; representative evidence in review; not individual E2E pass
blockid.au,page,/es/workspace/business-report,reports_research_svi,web/src/app/es/workspace/business-report/page.tsx,c2e1470662804f1caeafe30439baef91940b875e,static_inventory_only; representative evidence in review; not individual E2E pass
blockid.au,page,/for/[segment],public_content_other,web/src/app/for/[segment]/page.tsx,c2e1470662804f1caeafe30439baef91940b875e,static_inventory_only; representative evidence in review; not individual E2E pass
blockid.au,page,/guide/[chapter],founder_growth_tools,web/src/app/guide/[chapter]/page.tsx,c2e1470662804f1caeafe30439baef91940b875e,static_inventory_only; representative evidence in review; not individual E2E pass
blockid.au,page,/guide,founder_growth_tools,web/src/app/guide/page.tsx,c2e1470662804f1caeafe30439baef91940b875e,static_inventory_only; representative evidence in review; not individual E2E pass
blockid.au,page,/guide/reports,reports_research_svi,web/src/app/guide/reports/page.tsx,c2e1470662804f1caeafe30439baef91940b875e,static_inventory_only; representative evidence in review; not individual E2E pass
blockid.au,page,/guide/scn,founder_growth_tools,web/src/app/guide/scn/page.tsx,c2e1470662804f1caeafe30439baef91940b875e,static_inventory_only; representative evidence in review; not individual E2E pass
blockid.au,page,/guides/features/[feature],founder_growth_tools,web/src/app/guides/features/[feature]/page.tsx,c2e1470662804f1caeafe30439baef91940b875e,static_inventory_only; representative evidence in review; not individual E2E pass
blockid.au,page,/guides/features,founder_growth_tools,web/src/app/guides/features/page.tsx,c2e1470662804f1caeafe30439baef91940b875e,static_inventory_only; representative evidence in review; not individual E2E pass
blockid.au,page,/guides/valuation-methods,equity_finance_legal,web/src/app/guides/valuation-methods/page.tsx,c2e1470662804f1caeafe30439baef91940b875e,static_inventory_only; representative evidence in review; not individual E2E pass
blockid.au,page,/id/[slug],public_content_other,web/src/app/id/[slug]/page.tsx,c2e1470662804f1caeafe30439baef91940b875e,static_inventory_only; representative evidence in review; not individual E2E pass
blockid.au,page,/idea-clarify,public_content_other,web/src/app/idea-clarify/page.tsx,c2e1470662804f1caeafe30439baef91940b875e,static_inventory_only; representative evidence in review; not individual E2E pass
blockid.au,page,/idea-lab,public_content_other,web/src/app/idea-lab/page.tsx,c2e1470662804f1caeafe30439baef91940b875e,static_inventory_only; representative evidence in review; not individual E2E pass
blockid.au,page,/innovator/deal-pipeline,public_content_other,web/src/app/innovator/deal-pipeline/page.tsx,c2e1470662804f1caeafe30439baef91940b875e,static_inventory_only; representative evidence in review; not individual E2E pass
blockid.au,page,/innovator/industry-map,public_content_other,web/src/app/innovator/industry-map/page.tsx,c2e1470662804f1caeafe30439baef91940b875e,static_inventory_only; representative evidence in review; not individual E2E pass
blockid.au,page,/innovator,public_content_other,web/src/app/innovator/page.tsx,c2e1470662804f1caeafe30439baef91940b875e,static_inventory_only; representative evidence in review; not individual E2E pass
blockid.au,page,/innovator/watchlist,investor_programs,web/src/app/innovator/watchlist/page.tsx,c2e1470662804f1caeafe30439baef91940b875e,static_inventory_only; representative evidence in review; not individual E2E pass
blockid.au,page,/investor,investor_programs,web/src/app/investor/page.tsx,c2e1470662804f1caeafe30439baef91940b875e,static_inventory_only; representative evidence in review; not individual E2E pass
blockid.au,page,/invites/[token],equity_finance_legal,web/src/app/invites/[token]/page.tsx,c2e1470662804f1caeafe30439baef91940b875e,static_inventory_only; representative evidence in review; not individual E2E pass
blockid.au,page,/ja/tbr/[token],equity_finance_legal,web/src/app/ja/tbr/[token]/page.tsx,c2e1470662804f1caeafe30439baef91940b875e,static_inventory_only; representative evidence in review; not individual E2E pass
blockid.au,page,/ja/workspace/business-report,reports_research_svi,web/src/app/ja/workspace/business-report/page.tsx,c2e1470662804f1caeafe30439baef91940b875e,static_inventory_only; representative evidence in review; not individual E2E pass
blockid.au,page,/legal-templates/[slug],equity_finance_legal,web/src/app/legal-templates/[slug]/page.tsx,c2e1470662804f1caeafe30439baef91940b875e,static_inventory_only; representative evidence in review; not individual E2E pass
blockid.au,page,/legal-templates,equity_finance_legal,web/src/app/legal-templates/page.tsx,c2e1470662804f1caeafe30439baef91940b875e,static_inventory_only; representative evidence in review; not individual E2E pass
blockid.au,page,/listings/[slug],reports_research_svi,web/src/app/listings/[slug]/page.tsx,c2e1470662804f1caeafe30439baef91940b875e,static_inventory_only; representative evidence in review; not individual E2E pass
blockid.au,page,/listings,reports_research_svi,web/src/app/listings/page.tsx,c2e1470662804f1caeafe30439baef91940b875e,static_inventory_only; representative evidence in review; not individual E2E pass
blockid.au,page,/nps,public_content_other,web/src/app/nps/page.tsx,c2e1470662804f1caeafe30439baef91940b875e,static_inventory_only; representative evidence in review; not individual E2E pass
blockid.au,page,/register,identity_projects,web/src/app/register/page.tsx,c2e1470662804f1caeafe30439baef91940b875e,static_inventory_only; representative evidence in review; not individual E2E pass
blockid.au,page,/reports/[ticker],reports_research_svi,web/src/app/reports/[ticker]/page.tsx,c2e1470662804f1caeafe30439baef91940b875e,static_inventory_only; representative evidence in review; not individual E2E pass
blockid.au,page,/reports/samples,reports_research_svi,web/src/app/reports/samples/page.tsx,c2e1470662804f1caeafe30439baef91940b875e,static_inventory_only; representative evidence in review; not individual E2E pass
blockid.au,page,/s/[slug]/activity,public_content_other,web/src/app/s/[slug]/activity/page.tsx,c2e1470662804f1caeafe30439baef91940b875e,static_inventory_only; representative evidence in review; not individual E2E pass
blockid.au,page,/s/[slug],public_content_other,web/src/app/s/[slug]/page.tsx,c2e1470662804f1caeafe30439baef91940b875e,static_inventory_only; representative evidence in review; not individual E2E pass
blockid.au,api_or_handler,/s/[slug]/pdf,public_content_other,web/src/app/s/[slug]/pdf/route.ts,c2e1470662804f1caeafe30439baef91940b875e,static_inventory_only; representative evidence in review; not individual E2E pass
blockid.au,api_or_handler,/s/[slug]/report,reports_research_svi,web/src/app/s/[slug]/report/route.ts,c2e1470662804f1caeafe30439baef91940b875e,static_inventory_only; representative evidence in review; not individual E2E pass
blockid.au,page,/s/dr/[token],equity_finance_legal,web/src/app/s/dr/[token]/page.tsx,c2e1470662804f1caeafe30439baef91940b875e,static_inventory_only; representative evidence in review; not individual E2E pass
blockid.au,page,/s/i/[token],equity_finance_legal,web/src/app/s/i/[token]/page.tsx,c2e1470662804f1caeafe30439baef91940b875e,static_inventory_only; representative evidence in review; not individual E2E pass
blockid.au,page,/s/p/[slug],public_content_other,web/src/app/s/p/[slug]/page.tsx,c2e1470662804f1caeafe30439baef91940b875e,static_inventory_only; representative evidence in review; not individual E2E pass
blockid.au,api_or_handler,/s/p/[slug]/pdf,public_content_other,web/src/app/s/p/[slug]/pdf/route.ts,c2e1470662804f1caeafe30439baef91940b875e,static_inventory_only; representative evidence in review; not individual E2E pass
blockid.au,page,/sample,public_content_other,web/src/app/sample/page.tsx,c2e1470662804f1caeafe30439baef91940b875e,static_inventory_only; representative evidence in review; not individual E2E pass
blockid.au,page,/sample-business-report,reports_research_svi,web/src/app/sample-business-report/page.tsx,c2e1470662804f1caeafe30439baef91940b875e,static_inventory_only; representative evidence in review; not individual E2E pass
blockid.au,page,/search,public_content_other,web/src/app/search/page.tsx,c2e1470662804f1caeafe30439baef91940b875e,static_inventory_only; representative evidence in review; not individual E2E pass
blockid.au,page,/security-audit,public_content_other,web/src/app/security-audit/page.tsx,c2e1470662804f1caeafe30439baef91940b875e,static_inventory_only; representative evidence in review; not individual E2E pass
blockid.au,page,/showcase/airwallex,public_content_other,web/src/app/showcase/airwallex/page.tsx,c2e1470662804f1caeafe30439baef91940b875e,static_inventory_only; representative evidence in review; not individual E2E pass
blockid.au,page,/showcase/atlassian/agents/[slug],public_content_other,web/src/app/showcase/atlassian/agents/[slug]/page.tsx,c2e1470662804f1caeafe30439baef91940b875e,static_inventory_only; representative evidence in review; not individual E2E pass
blockid.au,page,/showcase/atlassian/agents,public_content_other,web/src/app/showcase/atlassian/agents/page.tsx,c2e1470662804f1caeafe30439baef91940b875e,static_inventory_only; representative evidence in review; not individual E2E pass
blockid.au,page,/showcase/atlassian/dashboard,public_content_other,web/src/app/showcase/atlassian/dashboard/page.tsx,c2e1470662804f1caeafe30439baef91940b875e,static_inventory_only; representative evidence in review; not individual E2E pass
blockid.au,page,/showcase/atlassian/data-room,public_content_other,web/src/app/showcase/atlassian/data-room/page.tsx,c2e1470662804f1caeafe30439baef91940b875e,static_inventory_only; representative evidence in review; not individual E2E pass
blockid.au,page,/showcase/atlassian/growth-phases,public_content_other,web/src/app/showcase/atlassian/growth-phases/page.tsx,c2e1470662804f1caeafe30439baef91940b875e,static_inventory_only; representative evidence in review; not individual E2E pass
blockid.au,page,/showcase/atlassian/guide,founder_growth_tools,web/src/app/showcase/atlassian/guide/page.tsx,c2e1470662804f1caeafe30439baef91940b875e,static_inventory_only; representative evidence in review; not individual E2E pass
blockid.au,page,/showcase/atlassian,public_content_other,web/src/app/showcase/atlassian/page.tsx,c2e1470662804f1caeafe30439baef91940b875e,static_inventory_only; representative evidence in review; not individual E2E pass
blockid.au,page,/showcase/atlassian/summary,public_content_other,web/src/app/showcase/atlassian/summary/page.tsx,c2e1470662804f1caeafe30439baef91940b875e,static_inventory_only; representative evidence in review; not individual E2E pass
blockid.au,page,/showcase/atlassian/svi-report,reports_research_svi,web/src/app/showcase/atlassian/svi-report/page.tsx,c2e1470662804f1caeafe30439baef91940b875e,static_inventory_only; representative evidence in review; not individual E2E pass
blockid.au,page,/showcase/atlassian/valuation,equity_finance_legal,web/src/app/showcase/atlassian/valuation/page.tsx,c2e1470662804f1caeafe30439baef91940b875e,static_inventory_only; representative evidence in review; not individual E2E pass
blockid.au,page,/showcase/blockid,public_content_other,web/src/app/showcase/blockid/page.tsx,c2e1470662804f1caeafe30439baef91940b875e,static_inventory_only; representative evidence in review; not individual E2E pass
blockid.au,page,/showcase/blockid/report,reports_research_svi,web/src/app/showcase/blockid/report/page.tsx,c2e1470662804f1caeafe30439baef91940b875e,static_inventory_only; representative evidence in review; not individual E2E pass
blockid.au,page,/showcase/canva,public_content_other,web/src/app/showcase/canva/page.tsx,c2e1470662804f1caeafe30439baef91940b875e,static_inventory_only; representative evidence in review; not individual E2E pass
blockid.au,page,/showcase/culture-amp,public_content_other,web/src/app/showcase/culture-amp/page.tsx,c2e1470662804f1caeafe30439baef91940b875e,static_inventory_only; representative evidence in review; not individual E2E pass
blockid.au,page,/showcase,public_content_other,web/src/app/showcase/page.tsx,c2e1470662804f1caeafe30439baef91940b875e,static_inventory_only; representative evidence in review; not individual E2E pass
blockid.au,page,/showcase/safetyculture,public_content_other,web/src/app/showcase/safetyculture/page.tsx,c2e1470662804f1caeafe30439baef91940b875e,static_inventory_only; representative evidence in review; not individual E2E pass
blockid.au,page,/showcase/sprocketbay,public_content_other,web/src/app/showcase/sprocketbay/page.tsx,c2e1470662804f1caeafe30439baef91940b875e,static_inventory_only; representative evidence in review; not individual E2E pass
blockid.au,page,/showcase/xero,public_content_other,web/src/app/showcase/xero/page.tsx,c2e1470662804f1caeafe30439baef91940b875e,static_inventory_only; representative evidence in review; not individual E2E pass
blockid.au,page,/signup,identity_projects,web/src/app/signup/page.tsx,c2e1470662804f1caeafe30439baef91940b875e,static_inventory_only; representative evidence in review; not individual E2E pass
blockid.au,page,/startup/[slug],public_content_other,web/src/app/startup/[slug]/page.tsx,c2e1470662804f1caeafe30439baef91940b875e,static_inventory_only; representative evidence in review; not individual E2E pass
blockid.au,page,/startup-index/listings/[ticker],reports_research_svi,web/src/app/startup-index/listings/[ticker]/page.tsx,c2e1470662804f1caeafe30439baef91940b875e,static_inventory_only; representative evidence in review; not individual E2E pass
blockid.au,page,/startup-index/listings,reports_research_svi,web/src/app/startup-index/listings/page.tsx,c2e1470662804f1caeafe30439baef91940b875e,static_inventory_only; representative evidence in review; not individual E2E pass
blockid.au,page,/startup-index,reports_research_svi,web/src/app/startup-index/page.tsx,c2e1470662804f1caeafe30439baef91940b875e,static_inventory_only; representative evidence in review; not individual E2E pass
blockid.au,page,/startup-package/[projectId],public_content_other,web/src/app/startup-package/[projectId]/page.tsx,c2e1470662804f1caeafe30439baef91940b875e,static_inventory_only; representative evidence in review; not individual E2E pass
blockid.au,page,/startup-package/interview,public_content_other,web/src/app/startup-package/interview/page.tsx,c2e1470662804f1caeafe30439baef91940b875e,static_inventory_only; representative evidence in review; not individual E2E pass
blockid.au,page,/startup-package,public_content_other,web/src/app/startup-package/page.tsx,c2e1470662804f1caeafe30439baef91940b875e,static_inventory_only; representative evidence in review; not individual E2E pass
blockid.au,page,/stats,public_content_other,web/src/app/stats/page.tsx,c2e1470662804f1caeafe30439baef91940b875e,static_inventory_only; representative evidence in review; not individual E2E pass
blockid.au,page,/status,admin_operations,web/src/app/status/page.tsx,c2e1470662804f1caeafe30439baef91940b875e,static_inventory_only; representative evidence in review; not individual E2E pass
blockid.au,page,/submit,public_content_other,web/src/app/submit/page.tsx,c2e1470662804f1caeafe30439baef91940b875e,static_inventory_only; representative evidence in review; not individual E2E pass
blockid.au,page,/tbr/[token],equity_finance_legal,web/src/app/tbr/[token]/page.tsx,c2e1470662804f1caeafe30439baef91940b875e,static_inventory_only; representative evidence in review; not individual E2E pass
blockid.au,page,/tbr/demo/band/[band],public_content_other,web/src/app/tbr/demo/band/[band]/page.tsx,c2e1470662804f1caeafe30439baef91940b875e,static_inventory_only; representative evidence in review; not individual E2E pass
blockid.au,page,/tbr/demo,public_content_other,web/src/app/tbr/demo/page.tsx,c2e1470662804f1caeafe30439baef91940b875e,static_inventory_only; representative evidence in review; not individual E2E pass
blockid.au,page,/tools/asic,founder_growth_tools,web/src/app/tools/asic/page.tsx,c2e1470662804f1caeafe30439baef91940b875e,static_inventory_only; representative evidence in review; not individual E2E pass
blockid.au,page,/tools/cap-table,equity_finance_legal,web/src/app/tools/cap-table/page.tsx,c2e1470662804f1caeafe30439baef91940b875e,static_inventory_only; representative evidence in review; not individual E2E pass
blockid.au,page,/tools/cofounder-match,founder_growth_tools,web/src/app/tools/cofounder-match/page.tsx,c2e1470662804f1caeafe30439baef91940b875e,static_inventory_only; representative evidence in review; not individual E2E pass
blockid.au,page,/tools/data-room,founder_growth_tools,web/src/app/tools/data-room/page.tsx,c2e1470662804f1caeafe30439baef91940b875e,static_inventory_only; representative evidence in review; not individual E2E pass
blockid.au,page,/tools/dilution,founder_growth_tools,web/src/app/tools/dilution/page.tsx,c2e1470662804f1caeafe30439baef91940b875e,static_inventory_only; representative evidence in review; not individual E2E pass
blockid.au,page,/tools/equity-split,equity_finance_legal,web/src/app/tools/equity-split/page.tsx,c2e1470662804f1caeafe30439baef91940b875e,static_inventory_only; representative evidence in review; not individual E2E pass
blockid.au,page,/tools/esic,founder_growth_tools,web/src/app/tools/esic/page.tsx,c2e1470662804f1caeafe30439baef91940b875e,static_inventory_only; representative evidence in review; not individual E2E pass
blockid.au,page,/tools/esop-checklist,equity_finance_legal,web/src/app/tools/esop-checklist/page.tsx,c2e1470662804f1caeafe30439baef91940b875e,static_inventory_only; representative evidence in review; not individual E2E pass
blockid.au,page,/tools/financial-projections,equity_finance_legal,web/src/app/tools/financial-projections/page.tsx,c2e1470662804f1caeafe30439baef91940b875e,static_inventory_only; representative evidence in review; not individual E2E pass
blockid.au,page,/tools/funding-plan,founder_growth_tools,web/src/app/tools/funding-plan/page.tsx,c2e1470662804f1caeafe30439baef91940b875e,static_inventory_only; representative evidence in review; not individual E2E pass
blockid.au,page,/tools/idea-clarify,founder_growth_tools,web/src/app/tools/idea-clarify/page.tsx,c2e1470662804f1caeafe30439baef91940b875e,static_inventory_only; representative evidence in review; not individual E2E pass
blockid.au,page,/tools/idea-lab,founder_growth_tools,web/src/app/tools/idea-lab/page.tsx,c2e1470662804f1caeafe30439baef91940b875e,static_inventory_only; representative evidence in review; not individual E2E pass
blockid.au,page,/tools/idea-valuation,founder_growth_tools,web/src/app/tools/idea-valuation/page.tsx,c2e1470662804f1caeafe30439baef91940b875e,static_inventory_only; representative evidence in review; not individual E2E pass
blockid.au,page,/tools,founder_growth_tools,web/src/app/tools/page.tsx,c2e1470662804f1caeafe30439baef91940b875e,static_inventory_only; representative evidence in review; not individual E2E pass
blockid.au,page,/tools/rnd-tax,founder_growth_tools,web/src/app/tools/rnd-tax/page.tsx,c2e1470662804f1caeafe30439baef91940b875e,static_inventory_only; representative evidence in review; not individual E2E pass
blockid.au,page,/tools/safe-calculator,founder_growth_tools,web/src/app/tools/safe-calculator/page.tsx,c2e1470662804f1caeafe30439baef91940b875e,static_inventory_only; representative evidence in review; not individual E2E pass
blockid.au,page,/tools/term-sheet,founder_growth_tools,web/src/app/tools/term-sheet/page.tsx,c2e1470662804f1caeafe30439baef91940b875e,static_inventory_only; representative evidence in review; not individual E2E pass
blockid.au,page,/unsubscribe,public_content_other,web/src/app/unsubscribe/page.tsx,c2e1470662804f1caeafe30439baef91940b875e,static_inventory_only; representative evidence in review; not individual E2E pass
blockid.au,page,/verify/[proofId],public_content_other,web/src/app/verify/[proofId]/page.tsx,c2e1470662804f1caeafe30439baef91940b875e,static_inventory_only; representative evidence in review; not individual E2E pass
blockid.au,page,/verify/valuation/[no],equity_finance_legal,web/src/app/verify/valuation/[no]/page.tsx,c2e1470662804f1caeafe30439baef91940b875e,static_inventory_only; representative evidence in review; not individual E2E pass
blockid.au,page,/version,public_content_other,web/src/app/version/page.tsx,c2e1470662804f1caeafe30439baef91940b875e,static_inventory_only; representative evidence in review; not individual E2E pass
blockid.au,page,/vi/business-id,public_content_other,web/src/app/vi/business-id/page.tsx,c2e1470662804f1caeafe30439baef91940b875e,static_inventory_only; representative evidence in review; not individual E2E pass
blockid.au,page,/vi/checkout/review,billing_credits,web/src/app/vi/checkout/review/page.tsx,c2e1470662804f1caeafe30439baef91940b875e,static_inventory_only; representative evidence in review; not individual E2E pass
blockid.au,page,/vi/compare,public_content_other,web/src/app/vi/compare/page.tsx,c2e1470662804f1caeafe30439baef91940b875e,static_inventory_only; representative evidence in review; not individual E2E pass
blockid.au,page,/vi/funding,founder_growth_tools,web/src/app/vi/funding/page.tsx,c2e1470662804f1caeafe30439baef91940b875e,static_inventory_only; representative evidence in review; not individual E2E pass
blockid.au,page,/vi/id/[slug],public_content_other,web/src/app/vi/id/[slug]/page.tsx,c2e1470662804f1caeafe30439baef91940b875e,static_inventory_only; representative evidence in review; not individual E2E pass
blockid.au,page,/vi/methodology/calibration,public_content_other,web/src/app/vi/methodology/calibration/page.tsx,c2e1470662804f1caeafe30439baef91940b875e,static_inventory_only; representative evidence in review; not individual E2E pass
blockid.au,page,/vi/methodology/governance,public_content_other,web/src/app/vi/methodology/governance/page.tsx,c2e1470662804f1caeafe30439baef91940b875e,static_inventory_only; representative evidence in review; not individual E2E pass
blockid.au,page,/vi/methodology,public_content_other,web/src/app/vi/methodology/page.tsx,c2e1470662804f1caeafe30439baef91940b875e,static_inventory_only; representative evidence in review; not individual E2E pass
blockid.au,page,/vi/methodology/versions,public_content_other,web/src/app/vi/methodology/versions/page.tsx,c2e1470662804f1caeafe30439baef91940b875e,static_inventory_only; representative evidence in review; not individual E2E pass
blockid.au,page,/vi,public_content_other,web/src/app/vi/page.tsx,c2e1470662804f1caeafe30439baef91940b875e,static_inventory_only; representative evidence in review; not individual E2E pass
blockid.au,page,/vi/pricing,billing_credits,web/src/app/vi/pricing/page.tsx,c2e1470662804f1caeafe30439baef91940b875e,static_inventory_only; representative evidence in review; not individual E2E pass
blockid.au,page,/vi/solutions/accelerator,investor_programs,web/src/app/vi/solutions/accelerator/page.tsx,c2e1470662804f1caeafe30439baef91940b875e,static_inventory_only; representative evidence in review; not individual E2E pass
blockid.au,page,/vi/solutions/advisor,investor_programs,web/src/app/vi/solutions/advisor/page.tsx,c2e1470662804f1caeafe30439baef91940b875e,static_inventory_only; representative evidence in review; not individual E2E pass
blockid.au,page,/vi/solutions/founder,public_content_other,web/src/app/vi/solutions/founder/page.tsx,c2e1470662804f1caeafe30439baef91940b875e,static_inventory_only; representative evidence in review; not individual E2E pass
blockid.au,page,/vi/solutions/investor,investor_programs,web/src/app/vi/solutions/investor/page.tsx,c2e1470662804f1caeafe30439baef91940b875e,static_inventory_only; representative evidence in review; not individual E2E pass
blockid.au,page,/vi/solutions/vn-sme,public_content_other,web/src/app/vi/solutions/vn-sme/page.tsx,c2e1470662804f1caeafe30439baef91940b875e,static_inventory_only; representative evidence in review; not individual E2E pass
blockid.au,page,/vi/tbr/[token],equity_finance_legal,web/src/app/vi/tbr/[token]/page.tsx,c2e1470662804f1caeafe30439baef91940b875e,static_inventory_only; representative evidence in review; not individual E2E pass
blockid.au,page,/vi/workspace/business-report,reports_research_svi,web/src/app/vi/workspace/business-report/page.tsx,c2e1470662804f1caeafe30439baef91940b875e,static_inventory_only; representative evidence in review; not individual E2E pass
startupvalueindex.com,page,/about,public_content_other,src/app/about/page.tsx,565250b40bf26df8a7e424de3f73fcf2616a23fa,static_inventory_only; representative evidence in review; not individual E2E pass
startupvalueindex.com,page,/analyze,reports_research_svi,src/app/analyze/page.tsx,565250b40bf26df8a7e424de3f73fcf2616a23fa,static_inventory_only; representative evidence in review; not individual E2E pass
startupvalueindex.com,api_or_handler,/api/agent/analyze,reports_research_svi,src/app/api/agent/analyze/route.ts,565250b40bf26df8a7e424de3f73fcf2616a23fa,static_inventory_only; representative evidence in review; not individual E2E pass
startupvalueindex.com,api_or_handler,/api/analysis/[runId]/notify,reports_research_svi,src/app/api/analysis/[runId]/notify/route.ts,565250b40bf26df8a7e424de3f73fcf2616a23fa,static_inventory_only; representative evidence in review; not individual E2E pass
startupvalueindex.com,api_or_handler,/api/analysis/[runId],reports_research_svi,src/app/api/analysis/[runId]/route.ts,565250b40bf26df8a7e424de3f73fcf2616a23fa,static_inventory_only; representative evidence in review; not individual E2E pass
startupvalueindex.com,api_or_handler,/api/analysis/[runId]/stream,reports_research_svi,src/app/api/analysis/[runId]/stream/route.ts,565250b40bf26df8a7e424de3f73fcf2616a23fa,static_inventory_only; representative evidence in review; not individual E2E pass
startupvalueindex.com,api_or_handler,/api/analysis/[runId]/telemetry,reports_research_svi,src/app/api/analysis/[runId]/telemetry/route.ts,565250b40bf26df8a7e424de3f73fcf2616a23fa,static_inventory_only; representative evidence in review; not individual E2E pass
startupvalueindex.com,api_or_handler,/api/auth/login,identity_projects,src/app/api/auth/login/route.ts,565250b40bf26df8a7e424de3f73fcf2616a23fa,static_inventory_only; representative evidence in review; not individual E2E pass
startupvalueindex.com,api_or_handler,/api/auth/logout,identity_projects,src/app/api/auth/logout/route.ts,565250b40bf26df8a7e424de3f73fcf2616a23fa,static_inventory_only; representative evidence in review; not individual E2E pass
startupvalueindex.com,api_or_handler,/api/auth/me,identity_projects,src/app/api/auth/me/route.ts,565250b40bf26df8a7e424de3f73fcf2616a23fa,static_inventory_only; representative evidence in review; not individual E2E pass
startupvalueindex.com,api_or_handler,/api/auth/session,identity_projects,src/app/api/auth/session/route.ts,565250b40bf26df8a7e424de3f73fcf2616a23fa,static_inventory_only; representative evidence in review; not individual E2E pass
startupvalueindex.com,api_or_handler,/api/copilot/chat,public_content_other,src/app/api/copilot/chat/route.ts,565250b40bf26df8a7e424de3f73fcf2616a23fa,static_inventory_only; representative evidence in review; not individual E2E pass
startupvalueindex.com,api_or_handler,/api/csp-report,reports_research_svi,src/app/api/csp-report/route.ts,565250b40bf26df8a7e424de3f73fcf2616a23fa,static_inventory_only; representative evidence in review; not individual E2E pass
startupvalueindex.com,api_or_handler,/api/headlines.json,public_content_other,src/app/api/headlines.json/route.ts,565250b40bf26df8a7e424de3f73fcf2616a23fa,static_inventory_only; representative evidence in review; not individual E2E pass
startupvalueindex.com,api_or_handler,/api/health,public_content_other,src/app/api/health/route.ts,565250b40bf26df8a7e424de3f73fcf2616a23fa,static_inventory_only; representative evidence in review; not individual E2E pass
startupvalueindex.com,api_or_handler,/api/ingest/pitchdeck,reports_research_svi,src/app/api/ingest/pitchdeck/route.ts,565250b40bf26df8a7e424de3f73fcf2616a23fa,static_inventory_only; representative evidence in review; not individual E2E pass
startupvalueindex.com,api_or_handler,/api/ingest/sample,public_content_other,src/app/api/ingest/sample/route.ts,565250b40bf26df8a7e424de3f73fcf2616a23fa,static_inventory_only; representative evidence in review; not individual E2E pass
startupvalueindex.com,api_or_handler,/api/intake,public_content_other,src/app/api/intake/route.ts,565250b40bf26df8a7e424de3f73fcf2616a23fa,static_inventory_only; representative evidence in review; not individual E2E pass
startupvalueindex.com,api_or_handler,/api/reports/[slug]/[file],reports_research_svi,src/app/api/reports/[slug]/[file]/route.ts,565250b40bf26df8a7e424de3f73fcf2616a23fa,static_inventory_only; representative evidence in review; not individual E2E pass
startupvalueindex.com,api_or_handler,/api/reports/[slug]/pdf,reports_research_svi,src/app/api/reports/[slug]/pdf/route.ts,565250b40bf26df8a7e424de3f73fcf2616a23fa,static_inventory_only; representative evidence in review; not individual E2E pass
startupvalueindex.com,api_or_handler,/api/reports/email,reports_research_svi,src/app/api/reports/email/route.ts,565250b40bf26df8a7e424de3f73fcf2616a23fa,static_inventory_only; representative evidence in review; not individual E2E pass
startupvalueindex.com,api_or_handler,/api/research/context,reports_research_svi,src/app/api/research/context/route.ts,565250b40bf26df8a7e424de3f73fcf2616a23fa,static_inventory_only; representative evidence in review; not individual E2E pass
startupvalueindex.com,api_or_handler,/api/research/intent,reports_research_svi,src/app/api/research/intent/route.ts,565250b40bf26df8a7e424de3f73fcf2616a23fa,static_inventory_only; representative evidence in review; not individual E2E pass
startupvalueindex.com,api_or_handler,/api/research/supplement,reports_research_svi,src/app/api/research/supplement/route.ts,565250b40bf26df8a7e424de3f73fcf2616a23fa,static_inventory_only; representative evidence in review; not individual E2E pass
startupvalueindex.com,api_or_handler,/api/scoring/admit,public_content_other,src/app/api/scoring/admit/route.ts,565250b40bf26df8a7e424de3f73fcf2616a23fa,static_inventory_only; representative evidence in review; not individual E2E pass
startupvalueindex.com,api_or_handler,/api/scoring/lifecycle,public_content_other,src/app/api/scoring/lifecycle/route.ts,565250b40bf26df8a7e424de3f73fcf2616a23fa,static_inventory_only; representative evidence in review; not individual E2E pass
startupvalueindex.com,api_or_handler,/api/v1/investor/company/[slug]/answers,reports_research_svi,src/app/api/v1/investor/company/[slug]/answers/route.ts,565250b40bf26df8a7e424de3f73fcf2616a23fa,static_inventory_only; representative evidence in review; not individual E2E pass
startupvalueindex.com,api_or_handler,/api/v1/investor/company/[slug]/claims,reports_research_svi,src/app/api/v1/investor/company/[slug]/claims/route.ts,565250b40bf26df8a7e424de3f73fcf2616a23fa,static_inventory_only; representative evidence in review; not individual E2E pass
startupvalueindex.com,api_or_handler,/api/v1/investor/company/[slug]/dd,reports_research_svi,src/app/api/v1/investor/company/[slug]/dd/route.ts,565250b40bf26df8a7e424de3f73fcf2616a23fa,static_inventory_only; representative evidence in review; not individual E2E pass
startupvalueindex.com,api_or_handler,/api/v1/investor/company/[slug]/decision,reports_research_svi,src/app/api/v1/investor/company/[slug]/decision/route.ts,565250b40bf26df8a7e424de3f73fcf2616a23fa,static_inventory_only; representative evidence in review; not individual E2E pass
startupvalueindex.com,api_or_handler,/api/watchlist,investor_programs,src/app/api/watchlist/route.ts,565250b40bf26df8a7e424de3f73fcf2616a23fa,static_inventory_only; representative evidence in review; not individual E2E pass
startupvalueindex.com,page,/api-pricing,billing_credits,src/app/api-pricing/page.tsx,565250b40bf26df8a7e424de3f73fcf2616a23fa,static_inventory_only; representative evidence in review; not individual E2E pass
startupvalueindex.com,page,/company/[slug]/cap-table,reports_research_svi,src/app/company/[slug]/cap-table/page.tsx,565250b40bf26df8a7e424de3f73fcf2616a23fa,static_inventory_only; representative evidence in review; not individual E2E pass
startupvalueindex.com,page,/company/[slug]/claims,reports_research_svi,src/app/company/[slug]/claims/page.tsx,565250b40bf26df8a7e424de3f73fcf2616a23fa,static_inventory_only; representative evidence in review; not individual E2E pass
startupvalueindex.com,page,/company/[slug]/competition,reports_research_svi,src/app/company/[slug]/competition/page.tsx,565250b40bf26df8a7e424de3f73fcf2616a23fa,static_inventory_only; representative evidence in review; not individual E2E pass
startupvalueindex.com,page,/company/[slug]/dashboard,reports_research_svi,src/app/company/[slug]/dashboard/page.tsx,565250b40bf26df8a7e424de3f73fcf2616a23fa,static_inventory_only; representative evidence in review; not individual E2E pass
startupvalueindex.com,page,/company/[slug]/data-room,reports_research_svi,src/app/company/[slug]/data-room/page.tsx,565250b40bf26df8a7e424de3f73fcf2616a23fa,static_inventory_only; representative evidence in review; not individual E2E pass
startupvalueindex.com,page,/company/[slug]/due-diligence,reports_research_svi,src/app/company/[slug]/due-diligence/page.tsx,565250b40bf26df8a7e424de3f73fcf2616a23fa,static_inventory_only; representative evidence in review; not individual E2E pass
startupvalueindex.com,page,/company/[slug]/financials,reports_research_svi,src/app/company/[slug]/financials/page.tsx,565250b40bf26df8a7e424de3f73fcf2616a23fa,static_inventory_only; representative evidence in review; not individual E2E pass
startupvalueindex.com,page,/company/[slug]/ic,reports_research_svi,src/app/company/[slug]/ic/page.tsx,565250b40bf26df8a7e424de3f73fcf2616a23fa,static_inventory_only; representative evidence in review; not individual E2E pass
startupvalueindex.com,page,/company/[slug]/market,reports_research_svi,src/app/company/[slug]/market/page.tsx,565250b40bf26df8a7e424de3f73fcf2616a23fa,static_inventory_only; representative evidence in review; not individual E2E pass
startupvalueindex.com,page,/company/[slug],reports_research_svi,src/app/company/[slug]/page.tsx,565250b40bf26df8a7e424de3f73fcf2616a23fa,static_inventory_only; representative evidence in review; not individual E2E pass
startupvalueindex.com,page,/company/[slug]/report,reports_research_svi,src/app/company/[slug]/report/page.tsx,565250b40bf26df8a7e424de3f73fcf2616a23fa,static_inventory_only; representative evidence in review; not individual E2E pass
startupvalueindex.com,page,/company/[slug]/valuation,reports_research_svi,src/app/company/[slug]/valuation/page.tsx,565250b40bf26df8a7e424de3f73fcf2616a23fa,static_inventory_only; representative evidence in review; not individual E2E pass
startupvalueindex.com,page,/embed/bsi-au,public_content_other,src/app/embed/bsi-au/page.tsx,565250b40bf26df8a7e424de3f73fcf2616a23fa,static_inventory_only; representative evidence in review; not individual E2E pass
startupvalueindex.com,page,/embed,public_content_other,src/app/embed/page.tsx,565250b40bf26df8a7e424de3f73fcf2616a23fa,static_inventory_only; representative evidence in review; not individual E2E pass
startupvalueindex.com,page,/embed/ticker/[ticker],public_content_other,src/app/embed/ticker/[ticker]/page.tsx,565250b40bf26df8a7e424de3f73fcf2616a23fa,static_inventory_only; representative evidence in review; not individual E2E pass
startupvalueindex.com,page,/listings/[ticker]/eoi,reports_research_svi,src/app/listings/[ticker]/eoi/page.tsx,565250b40bf26df8a7e424de3f73fcf2616a23fa,static_inventory_only; representative evidence in review; not individual E2E pass
startupvalueindex.com,page,/listings/[ticker],reports_research_svi,src/app/listings/[ticker]/page.tsx,565250b40bf26df8a7e424de3f73fcf2616a23fa,static_inventory_only; representative evidence in review; not individual E2E pass
startupvalueindex.com,page,/listings,reports_research_svi,src/app/listings/page.tsx,565250b40bf26df8a7e424de3f73fcf2616a23fa,static_inventory_only; representative evidence in review; not individual E2E pass
startupvalueindex.com,page,/live,reports_research_svi,src/app/live/page.tsx,565250b40bf26df8a7e424de3f73fcf2616a23fa,static_inventory_only; representative evidence in review; not individual E2E pass
startupvalueindex.com,page,/my-reports/[runId]/research,reports_research_svi,src/app/my-reports/[runId]/research/page.tsx,565250b40bf26df8a7e424de3f73fcf2616a23fa,static_inventory_only; representative evidence in review; not individual E2E pass
startupvalueindex.com,page,/my-reports,reports_research_svi,src/app/my-reports/page.tsx,565250b40bf26df8a7e424de3f73fcf2616a23fa,static_inventory_only; representative evidence in review; not individual E2E pass
startupvalueindex.com,page,/,public_content_other,src/app/page.tsx,565250b40bf26df8a7e424de3f73fcf2616a23fa,static_inventory_only; representative evidence in review; not individual E2E pass
startupvalueindex.com,page,/pitchbook/upload,reports_research_svi,src/app/pitchbook/upload/page.tsx,565250b40bf26df8a7e424de3f73fcf2616a23fa,static_inventory_only; representative evidence in review; not individual E2E pass
startupvalueindex.com,page,/report/[slug],reports_research_svi,src/app/report/[slug]/page.tsx,565250b40bf26df8a7e424de3f73fcf2616a23fa,static_inventory_only; representative evidence in review; not individual E2E pass
startupvalueindex.com,page,/sector/[sector],public_content_other,src/app/sector/[sector]/page.tsx,565250b40bf26df8a7e424de3f73fcf2616a23fa,static_inventory_only; representative evidence in review; not individual E2E pass
startupvalueindex.com,page,/sector,public_content_other,src/app/sector/page.tsx,565250b40bf26df8a7e424de3f73fcf2616a23fa,static_inventory_only; representative evidence in review; not individual E2E pass
startupvalueindex.com,page,/status,admin_operations,src/app/status/page.tsx,565250b40bf26df8a7e424de3f73fcf2616a23fa,static_inventory_only; representative evidence in review; not individual E2E pass
startupvalueindex.com,page,/vi/about,public_content_other,src/app/vi/about/page.tsx,565250b40bf26df8a7e424de3f73fcf2616a23fa,static_inventory_only; representative evidence in review; not individual E2E pass
startupvalueindex.com,page,/vi/api-pricing,billing_credits,src/app/vi/api-pricing/page.tsx,565250b40bf26df8a7e424de3f73fcf2616a23fa,static_inventory_only; representative evidence in review; not individual E2E pass
startupvalueindex.com,page,/vi/company/[slug]/cap-table,reports_research_svi,src/app/vi/company/[slug]/cap-table/page.tsx,565250b40bf26df8a7e424de3f73fcf2616a23fa,static_inventory_only; representative evidence in review; not individual E2E pass
startupvalueindex.com,page,/vi/company/[slug]/claims,reports_research_svi,src/app/vi/company/[slug]/claims/page.tsx,565250b40bf26df8a7e424de3f73fcf2616a23fa,static_inventory_only; representative evidence in review; not individual E2E pass
startupvalueindex.com,page,/vi/company/[slug]/competition,reports_research_svi,src/app/vi/company/[slug]/competition/page.tsx,565250b40bf26df8a7e424de3f73fcf2616a23fa,static_inventory_only; representative evidence in review; not individual E2E pass
startupvalueindex.com,page,/vi/company/[slug]/dashboard,reports_research_svi,src/app/vi/company/[slug]/dashboard/page.tsx,565250b40bf26df8a7e424de3f73fcf2616a23fa,static_inventory_only; representative evidence in review; not individual E2E pass
startupvalueindex.com,page,/vi/company/[slug]/data-room,reports_research_svi,src/app/vi/company/[slug]/data-room/page.tsx,565250b40bf26df8a7e424de3f73fcf2616a23fa,static_inventory_only; representative evidence in review; not individual E2E pass
startupvalueindex.com,page,/vi/company/[slug]/due-diligence,reports_research_svi,src/app/vi/company/[slug]/due-diligence/page.tsx,565250b40bf26df8a7e424de3f73fcf2616a23fa,static_inventory_only; representative evidence in review; not individual E2E pass
startupvalueindex.com,page,/vi/company/[slug]/financials,reports_research_svi,src/app/vi/company/[slug]/financials/page.tsx,565250b40bf26df8a7e424de3f73fcf2616a23fa,static_inventory_only; representative evidence in review; not individual E2E pass
startupvalueindex.com,page,/vi/company/[slug]/ic,reports_research_svi,src/app/vi/company/[slug]/ic/page.tsx,565250b40bf26df8a7e424de3f73fcf2616a23fa,static_inventory_only; representative evidence in review; not individual E2E pass
startupvalueindex.com,page,/vi/company/[slug]/market,reports_research_svi,src/app/vi/company/[slug]/market/page.tsx,565250b40bf26df8a7e424de3f73fcf2616a23fa,static_inventory_only; representative evidence in review; not individual E2E pass
startupvalueindex.com,page,/vi/company/[slug],reports_research_svi,src/app/vi/company/[slug]/page.tsx,565250b40bf26df8a7e424de3f73fcf2616a23fa,static_inventory_only; representative evidence in review; not individual E2E pass
startupvalueindex.com,page,/vi/company/[slug]/report,reports_research_svi,src/app/vi/company/[slug]/report/page.tsx,565250b40bf26df8a7e424de3f73fcf2616a23fa,static_inventory_only; representative evidence in review; not individual E2E pass
startupvalueindex.com,page,/vi/company/[slug]/valuation,reports_research_svi,src/app/vi/company/[slug]/valuation/page.tsx,565250b40bf26df8a7e424de3f73fcf2616a23fa,static_inventory_only; representative evidence in review; not individual E2E pass
startupvalueindex.com,page,/vi/embed/bsi-au,public_content_other,src/app/vi/embed/bsi-au/page.tsx,565250b40bf26df8a7e424de3f73fcf2616a23fa,static_inventory_only; representative evidence in review; not individual E2E pass
startupvalueindex.com,page,/vi/embed,public_content_other,src/app/vi/embed/page.tsx,565250b40bf26df8a7e424de3f73fcf2616a23fa,static_inventory_only; representative evidence in review; not individual E2E pass
startupvalueindex.com,page,/vi/embed/ticker/[ticker],public_content_other,src/app/vi/embed/ticker/[ticker]/page.tsx,565250b40bf26df8a7e424de3f73fcf2616a23fa,static_inventory_only; representative evidence in review; not individual E2E pass
startupvalueindex.com,page,/vi/listings/[ticker]/eoi,reports_research_svi,src/app/vi/listings/[ticker]/eoi/page.tsx,565250b40bf26df8a7e424de3f73fcf2616a23fa,static_inventory_only; representative evidence in review; not individual E2E pass
startupvalueindex.com,page,/vi/listings/[ticker],reports_research_svi,src/app/vi/listings/[ticker]/page.tsx,565250b40bf26df8a7e424de3f73fcf2616a23fa,static_inventory_only; representative evidence in review; not individual E2E pass
startupvalueindex.com,page,/vi/listings,reports_research_svi,src/app/vi/listings/page.tsx,565250b40bf26df8a7e424de3f73fcf2616a23fa,static_inventory_only; representative evidence in review; not individual E2E pass
startupvalueindex.com,page,/vi/live,reports_research_svi,src/app/vi/live/page.tsx,565250b40bf26df8a7e424de3f73fcf2616a23fa,static_inventory_only; representative evidence in review; not individual E2E pass
startupvalueindex.com,page,/vi/my-reports/[runId]/research,reports_research_svi,src/app/vi/my-reports/[runId]/research/page.tsx,565250b40bf26df8a7e424de3f73fcf2616a23fa,static_inventory_only; representative evidence in review; not individual E2E pass
startupvalueindex.com,page,/vi,public_content_other,src/app/vi/page.tsx,565250b40bf26df8a7e424de3f73fcf2616a23fa,static_inventory_only; representative evidence in review; not individual E2E pass
startupvalueindex.com,page,/vi/pitchbook/upload,reports_research_svi,src/app/vi/pitchbook/upload/page.tsx,565250b40bf26df8a7e424de3f73fcf2616a23fa,static_inventory_only; representative evidence in review; not individual E2E pass
startupvalueindex.com,page,/vi/sector/[sector],public_content_other,src/app/vi/sector/[sector]/page.tsx,565250b40bf26df8a7e424de3f73fcf2616a23fa,static_inventory_only; representative evidence in review; not individual E2E pass
startupvalueindex.com,page,/vi/sector,public_content_other,src/app/vi/sector/page.tsx,565250b40bf26df8a7e424de3f73fcf2616a23fa,static_inventory_only; representative evidence in review; not individual E2E pass
startupvalueindex.com,page,/vi/status,admin_operations,src/app/vi/status/page.tsx,565250b40bf26df8a7e424de3f73fcf2616a23fa,static_inventory_only; representative evidence in review; not individual E2E pass
startupvalueindex.com,page,/vi/watchlists,investor_programs,src/app/vi/watchlists/page.tsx,565250b40bf26df8a7e424de3f73fcf2616a23fa,static_inventory_only; representative evidence in review; not individual E2E pass
startupvalueindex.com,page,/watchlists,investor_programs,src/app/watchlists/page.tsx,565250b40bf26df8a7e424de3f73fcf2616a23fa,static_inventory_only; representative evidence in review; not individual E2E pass
